loan_id,customer_id,customer_name,email,phone,address,household_id,credit_score,risk_tier,document_type,document_key,demo_use,relative_path
LOAN-00001,CUST-00001,Emerson Usman,emerson.usman.00001@example.test,555-101-1037,"107 Cedar Blvd, Omaha, NE 10083",HH-00001,665,Moderate,Loan application,loan_application,Data extraction,packages/LOAN-00001_CUST-00001/LOAN-00001_CUST-00001_loan_application.md
LOAN-00001,CUST-00001,Emerson Usman,emerson.usman.00001@example.test,555-101-1037,"107 Cedar Blvd, Omaha, NE 10083",HH-00001,665,Moderate,Paystub,paystub,Income verification,packages/LOAN-00001_CUST-00001/LOAN-00001_CUST-00001_paystub.md
LOAN-00001,CUST-00001,Emerson Usman,emerson.usman.00001@example.test,555-101-1037,"107 Cedar Blvd, Omaha, NE 10083",HH-00001,665,Moderate,Bank statements,bank_statement,Asset verification,packages/LOAN-00001_CUST-00001/LOAN-00001_CUST-00001_bank_statement.md
LOAN-00001,CUST-00001,Emerson Usman,emerson.usman.00001@example.test,555-101-1037,"107 Cedar Blvd, Omaha, NE 10083",HH-00001,665,Moderate,W-2 or 1099 summary,w2_1099_summary,Income validation,packages/LOAN-00001_CUST-00001/LOAN-00001_CUST-00001_w2_1099_summary.md
LOAN-00001,CUST-00001,Emerson Usman,emerson.usman.00001@example.test,555-101-1037,"107 Cedar Blvd, Omaha, NE 10083",HH-00001,665,Moderate,Tax return summary,tax_return_summary,Income validation,packages/LOAN-00001_CUST-00001/LOAN-00001_CUST-00001_tax_return_summary.md
LOAN-00001,CUST-00001,Emerson Usman,emerson.usman.00001@example.test,555-101-1037,"107 Cedar Blvd, Omaha, NE 10083",HH-00001,665,Moderate,Purchase contract,purchase_contract,Property/loan validation,packages/LOAN-00001_CUST-00001/LOAN-00001_CUST-00001_purchase_contract.md
LOAN-00001,CUST-00001,Emerson Usman,emerson.usman.00001@example.test,555-101-1037,"107 Cedar Blvd, Omaha, NE 10083",HH-00001,665,Moderate,Appraisal summary,appraisal_summary,Property valuation,packages/LOAN-00001_CUST-00001/LOAN-00001_CUST-00001_appraisal_summary.md
LOAN-00002,CUST-00002,Quinn Young,quinn.young.00002@example.test,555-102-1074,"114 Sunset Ave, Sacramento, CA 10166",HH-00001,666,Moderate,Loan application,loan_application,Data extraction,packages/LOAN-00002_CUST-00002/LOAN-00002_CUST-00002_loan_application.md
LOAN-00002,CUST-00002,Quinn Young,quinn.young.00002@example.test,555-102-1074,"114 Sunset Ave, Sacramento, CA 10166",HH-00001,666,Moderate,Paystub,paystub,Income verification,packages/LOAN-00002_CUST-00002/LOAN-00002_CUST-00002_paystub.md
LOAN-00002,CUST-00002,Quinn Young,quinn.young.00002@example.test,555-102-1074,"114 Sunset Ave, Sacramento, CA 10166",HH-00001,666,Moderate,Bank statements,bank_statement,Asset verification,packages/LOAN-00002_CUST-00002/LOAN-00002_CUST-00002_bank_statement.md
LOAN-00002,CUST-00002,Quinn Young,quinn.young.00002@example.test,555-102-1074,"114 Sunset Ave, Sacramento, CA 10166",HH-00001,666,Moderate,W-2 or 1099 summary,w2_1099_summary,Income validation,packages/LOAN-00002_CUST-00002/LOAN-00002_CUST-00002_w2_1099_summary.md
LOAN-00002,CUST-00002,Quinn Young,quinn.young.00002@example.test,555-102-1074,"114 Sunset Ave, Sacramento, CA 10166",HH-00001,666,Moderate,Tax return summary,tax_return_summary,Income validation,packages/LOAN-00002_CUST-00002/LOAN-00002_CUST-00002_tax_return_summary.md
LOAN-00002,CUST-00002,Quinn Young,quinn.young.00002@example.test,555-102-1074,"114 Sunset Ave, Sacramento, CA 10166",HH-00001,666,Moderate,Purchase contract,purchase_contract,Property/loan validation,packages/LOAN-00002_CUST-00002/LOAN-00002_CUST-00002_purchase_contract.md
LOAN-00002,CUST-00002,Quinn Young,quinn.young.00002@example.test,555-102-1074,"114 Sunset Ave, Sacramento, CA 10166",HH-00001,666,Moderate,Appraisal summary,appraisal_summary,Property valuation,packages/LOAN-00002_CUST-00002/LOAN-00002_CUST-00002_appraisal_summary.md
LOAN-00003,CUST-00003,Jordan Turner,jordan.turner.00003@example.test,555-103-1111,"121 Lake Ln, Nashville, TN 10249",HH-00002,667,Moderate,Loan application,loan_application,Data extraction,packages/LOAN-00003_CUST-00003/LOAN-00003_CUST-00003_loan_application.md
LOAN-00003,CUST-00003,Jordan Turner,jordan.turner.00003@example.test,555-103-1111,"121 Lake Ln, Nashville, TN 10249",HH-00002,667,Moderate,Paystub,paystub,Income verification,packages/LOAN-00003_CUST-00003/LOAN-00003_CUST-00003_paystub.md
LOAN-00003,CUST-00003,Jordan Turner,jordan.turner.00003@example.test,555-103-1111,"121 Lake Ln, Nashville, TN 10249",HH-00002,667,Moderate,Bank statements,bank_statement,Asset verification,packages/LOAN-00003_CUST-00003/LOAN-00003_CUST-00003_bank_statement.md
LOAN-00003,CUST-00003,Jordan Turner,jordan.turner.00003@example.test,555-103-1111,"121 Lake Ln, Nashville, TN 10249",HH-00002,667,Moderate,W-2 or 1099 summary,w2_1099_summary,Income validation,packages/LOAN-00003_CUST-00003/LOAN-00003_CUST-00003_w2_1099_summary.md
LOAN-00003,CUST-00003,Jordan Turner,jordan.turner.00003@example.test,555-103-1111,"121 Lake Ln, Nashville, TN 10249",HH-00002,667,Moderate,Tax return summary,tax_return_summary,Income validation,packages/LOAN-00003_CUST-00003/LOAN-00003_CUST-00003_tax_return_summary.md
LOAN-00003,CUST-00003,Jordan Turner,jordan.turner.00003@example.test,555-103-1111,"121 Lake Ln, Nashville, TN 10249",HH-00002,667,Moderate,Purchase contract,purchase_contract,Property/loan validation,packages/LOAN-00003_CUST-00003/LOAN-00003_CUST-00003_purchase_contract.md
LOAN-00003,CUST-00003,Jordan Turner,jordan.turner.00003@example.test,555-103-1111,"121 Lake Ln, Nashville, TN 10249",HH-00002,667,Moderate,Appraisal summary,appraisal_summary,Property valuation,packages/LOAN-00003_CUST-00003/LOAN-00003_CUST-00003_appraisal_summary.md
LOAN-00004,CUST-00004,Drew Stone,drew.stone.00004@example.test,555-104-1148,"128 Hill Rd, Albany, NY 10332",HH-00002,668,Moderate,Loan application,loan_application,Data extraction,packages/LOAN-00004_CUST-00004/LOAN-00004_CUST-00004_loan_application.md
LOAN-00004,CUST-00004,Drew Stone,drew.stone.00004@example.test,555-104-1148,"128 Hill Rd, Albany, NY 10332",HH-00002,668,Moderate,Paystub,paystub,Income verification,packages/LOAN-00004_CUST-00004/LOAN-00004_CUST-00004_paystub.md
LOAN-00004,CUST-00004,Drew Stone,drew.stone.00004@example.test,555-104-1148,"128 Hill Rd, Albany, NY 10332",HH-00002,668,Moderate,Bank statements,bank_statement,Asset verification,packages/LOAN-00004_CUST-00004/LOAN-00004_CUST-00004_bank_statement.md
LOAN-00004,CUST-00004,Drew Stone,drew.stone.00004@example.test,555-104-1148,"128 Hill Rd, Albany, NY 10332",HH-00002,668,Moderate,W-2 or 1099 summary,w2_1099_summary,Income validation,packages/LOAN-00004_CUST-00004/LOAN-00004_CUST-00004_w2_1099_summary.md
LOAN-00004,CUST-00004,Drew Stone,drew.stone.00004@example.test,555-104-1148,"128 Hill Rd, Albany, NY 10332",HH-00002,668,Moderate,Tax return summary,tax_return_summary,Income validation,packages/LOAN-00004_CUST-00004/LOAN-00004_CUST-00004_tax_return_summary.md
LOAN-00004,CUST-00004,Drew Stone,drew.stone.00004@example.test,555-104-1148,"128 Hill Rd, Albany, NY 10332",HH-00002,668,Moderate,Purchase contract,purchase_contract,Property/loan validation,packages/LOAN-00004_CUST-00004/LOAN-00004_CUST-00004_purchase_contract.md
LOAN-00004,CUST-00004,Drew Stone,drew.stone.00004@example.test,555-104-1148,"128 Hill Rd, Albany, NY 10332",HH-00002,668,Moderate,Appraisal summary,appraisal_summary,Property valuation,packages/LOAN-00004_CUST-00004/LOAN-00004_CUST-00004_appraisal_summary.md
LOAN-00005,CUST-00005,Cameron Patel,cameron.patel.00005@example.test,555-105-1185,"135 Oak St, Sacramento, CA 10415",HH-00003,669,Moderate,Loan application,loan_application,Data extraction,packages/LOAN-00005_CUST-00005/LOAN-00005_CUST-00005_loan_application.md
LOAN-00005,CUST-00005,Cameron Patel,cameron.patel.00005@example.test,555-105-1185,"135 Oak St, Sacramento, CA 10415",HH-00003,669,Moderate,Paystub,paystub,Income verification,packages/LOAN-00005_CUST-00005/LOAN-00005_CUST-00005_paystub.md
LOAN-00005,CUST-00005,Cameron Patel,cameron.patel.00005@example.test,555-105-1185,"135 Oak St, Sacramento, CA 10415",HH-00003,669,Moderate,Bank statements,bank_statement,Asset verification,packages/LOAN-00005_CUST-00005/LOAN-00005_CUST-00005_bank_statement.md
LOAN-00005,CUST-00005,Cameron Patel,cameron.patel.00005@example.test,555-105-1185,"135 Oak St, Sacramento, CA 10415",HH-00003,669,Moderate,W-2 or 1099 summary,w2_1099_summary,Income validation,packages/LOAN-00005_CUST-00005/LOAN-00005_CUST-00005_w2_1099_summary.md
LOAN-00005,CUST-00005,Cameron Patel,cameron.patel.00005@example.test,555-105-1185,"135 Oak St, Sacramento, CA 10415",HH-00003,669,Moderate,Tax return summary,tax_return_summary,Income validation,packages/LOAN-00005_CUST-00005/LOAN-00005_CUST-00005_tax_return_summary.md
LOAN-00005,CUST-00005,Cameron Patel,cameron.patel.00005@example.test,555-105-1185,"135 Oak St, Sacramento, CA 10415",HH-00003,669,Moderate,Purchase contract,purchase_contract,Property/loan validation,packages/LOAN-00005_CUST-00005/LOAN-00005_CUST-00005_purchase_contract.md
LOAN-00005,CUST-00005,Cameron Patel,cameron.patel.00005@example.test,555-105-1185,"135 Oak St, Sacramento, CA 10415",HH-00003,669,Moderate,Appraisal summary,appraisal_summary,Property valuation,packages/LOAN-00005_CUST-00005/LOAN-00005_CUST-00005_appraisal_summary.md
LOAN-00006,CUST-00006,Payton Young,payton.young.00006@example.test,555-106-1222,"142 Oak Rd, Boise, ID 10498",HH-00003,670,Moderate,Loan application,loan_application,Data extraction,packages/LOAN-00006_CUST-00006/LOAN-00006_CUST-00006_loan_application.md
LOAN-00006,CUST-00006,Payton Young,payton.young.00006@example.test,555-106-1222,"142 Oak Rd, Boise, ID 10498",HH-00003,670,Moderate,Paystub,paystub,Income verification,packages/LOAN-00006_CUST-00006/LOAN-00006_CUST-00006_paystub.md
LOAN-00006,CUST-00006,Payton Young,payton.young.00006@example.test,555-106-1222,"142 Oak Rd, Boise, ID 10498",HH-00003,670,Moderate,Bank statements,bank_statement,Asset verification,packages/LOAN-00006_CUST-00006/LOAN-00006_CUST-00006_bank_statement.md
LOAN-00006,CUST-00006,Payton Young,payton.young.00006@example.test,555-106-1222,"142 Oak Rd, Boise, ID 10498",HH-00003,670,Moderate,W-2 or 1099 summary,w2_1099_summary,Income validation,packages/LOAN-00006_CUST-00006/LOAN-00006_CUST-00006_w2_1099_summary.md
LOAN-00006,CUST-00006,Payton Young,payton.young.00006@example.test,555-106-1222,"142 Oak Rd, Boise, ID 10498",HH-00003,670,Moderate,Tax return summary,tax_return_summary,Income validation,packages/LOAN-00006_CUST-00006/LOAN-00006_CUST-00006_tax_return_summary.md
LOAN-00006,CUST-00006,Payton Young,payton.young.00006@example.test,555-106-1222,"142 Oak Rd, Boise, ID 10498",HH-00003,670,Moderate,Purchase contract,purchase_contract,Property/loan validation,packages/LOAN-00006_CUST-00006/LOAN-00006_CUST-00006_purchase_contract.md
LOAN-00006,CUST-00006,Payton Young,payton.young.00006@example.test,555-106-1222,"142 Oak Rd, Boise, ID 10498",HH-00003,670,Moderate,Appraisal summary,appraisal_summary,Property valuation,packages/LOAN-00006_CUST-00006/LOAN-00006_CUST-00006_appraisal_summary.md
LOAN-00007,CUST-00007,Winter Nolan,winter.nolan.00007@example.test,555-107-1259,"149 Pine Ave, Raleigh, NC 10581",HH-00004,671,Moderate,Loan application,loan_application,Data extraction,packages/LOAN-00007_CUST-00007/LOAN-00007_CUST-00007_loan_application.md
LOAN-00007,CUST-00007,Winter Nolan,winter.nolan.00007@example.test,555-107-1259,"149 Pine Ave, Raleigh, NC 10581",HH-00004,671,Moderate,Paystub,paystub,Income verification,packages/LOAN-00007_CUST-00007/LOAN-00007_CUST-00007_paystub.md
LOAN-00007,CUST-00007,Winter Nolan,winter.nolan.00007@example.test,555-107-1259,"149 Pine Ave, Raleigh, NC 10581",HH-00004,671,Moderate,Bank statements,bank_statement,Asset verification,packages/LOAN-00007_CUST-00007/LOAN-00007_CUST-00007_bank_statement.md
LOAN-00007,CUST-00007,Winter Nolan,winter.nolan.00007@example.test,555-107-1259,"149 Pine Ave, Raleigh, NC 10581",HH-00004,671,Moderate,W-2 or 1099 summary,w2_1099_summary,Income validation,packages/LOAN-00007_CUST-00007/LOAN-00007_CUST-00007_w2_1099_summary.md
LOAN-00007,CUST-00007,Winter Nolan,winter.nolan.00007@example.test,555-107-1259,"149 Pine Ave, Raleigh, NC 10581",HH-00004,671,Moderate,Tax return summary,tax_return_summary,Income validation,packages/LOAN-00007_CUST-00007/LOAN-00007_CUST-00007_tax_return_summary.md
LOAN-00007,CUST-00007,Winter Nolan,winter.nolan.00007@example.test,555-107-1259,"149 Pine Ave, Raleigh, NC 10581",HH-00004,671,Moderate,Purchase contract,purchase_contract,Property/loan validation,packages/LOAN-00007_CUST-00007/LOAN-00007_CUST-00007_purchase_contract.md
LOAN-00007,CUST-00007,Winter Nolan,winter.nolan.00007@example.test,555-107-1259,"149 Pine Ave, Raleigh, NC 10581",HH-00004,671,Moderate,Appraisal summary,appraisal_summary,Property valuation,packages/LOAN-00007_CUST-00007/LOAN-00007_CUST-00007_appraisal_summary.md
LOAN-00008,CUST-00008,Riley Owens,riley.owens.00008@example.test,555-108-1296,"156 River Rd, Austin, TX 10664",HH-00004,672,Moderate,Loan application,loan_application,Data extraction,packages/LOAN-00008_CUST-00008/LOAN-00008_CUST-00008_loan_application.md
LOAN-00008,CUST-00008,Riley Owens,riley.owens.00008@example.test,555-108-1296,"156 River Rd, Austin, TX 10664",HH-00004,672,Moderate,Paystub,paystub,Income verification,packages/LOAN-00008_CUST-00008/LOAN-00008_CUST-00008_paystub.md
LOAN-00008,CUST-00008,Riley Owens,riley.owens.00008@example.test,555-108-1296,"156 River Rd, Austin, TX 10664",HH-00004,672,Moderate,Bank statements,bank_statement,Asset verification,packages/LOAN-00008_CUST-00008/LOAN-00008_CUST-00008_bank_statement.md
LOAN-00008,CUST-00008,Riley Owens,riley.owens.00008@example.test,555-108-1296,"156 River Rd, Austin, TX 10664",HH-00004,672,Moderate,W-2 or 1099 summary,w2_1099_summary,Income validation,packages/LOAN-00008_CUST-00008/LOAN-00008_CUST-00008_w2_1099_summary.md
LOAN-00008,CUST-00008,Riley Owens,riley.owens.00008@example.test,555-108-1296,"156 River Rd, Austin, TX 10664",HH-00004,672,Moderate,Tax return summary,tax_return_summary,Income validation,packages/LOAN-00008_CUST-00008/LOAN-00008_CUST-00008_tax_return_summary.md
LOAN-00008,CUST-00008,Riley Owens,riley.owens.00008@example.test,555-108-1296,"156 River Rd, Austin, TX 10664",HH-00004,672,Moderate,Purchase contract,purchase_contract,Property/loan validation,packages/LOAN-00008_CUST-00008/LOAN-00008_CUST-00008_purchase_contract.md
LOAN-00008,CUST-00008,Riley Owens,riley.owens.00008@example.test,555-108-1296,"156 River Rd, Austin, TX 10664",HH-00004,672,Moderate,Appraisal summary,appraisal_summary,Property valuation,packages/LOAN-00008_CUST-00008/LOAN-00008_CUST-00008_appraisal_summary.md
LOAN-00009,CUST-00009,Avery Xu,avery.xu.00009@example.test,555-109-1333,"163 Oak St, Albany, NY 10747",HH-00005,673,Moderate,Loan application,loan_application,Data extraction,packages/LOAN-00009_CUST-00009/LOAN-00009_CUST-00009_loan_application.md
LOAN-00009,CUST-00009,Avery Xu,avery.xu.00009@example.test,555-109-1333,"163 Oak St, Albany, NY 10747",HH-00005,673,Moderate,Paystub,paystub,Income verification,packages/LOAN-00009_CUST-00009/LOAN-00009_CUST-00009_paystub.md
LOAN-00009,CUST-00009,Avery Xu,avery.xu.00009@example.test,555-109-1333,"163 Oak St, Albany, NY 10747",HH-00005,673,Moderate,Bank statements,bank_statement,Asset verification,packages/LOAN-00009_CUST-00009/LOAN-00009_CUST-00009_bank_statement.md
LOAN-00009,CUST-00009,Avery Xu,avery.xu.00009@example.test,555-109-1333,"163 Oak St, Albany, NY 10747",HH-00005,673,Moderate,W-2 or 1099 summary,w2_1099_summary,Income validation,packages/LOAN-00009_CUST-00009/LOAN-00009_CUST-00009_w2_1099_summary.md
LOAN-00009,CUST-00009,Avery Xu,avery.xu.00009@example.test,555-109-1333,"163 Oak St, Albany, NY 10747",HH-00005,673,Moderate,Tax return summary,tax_return_summary,Income validation,packages/LOAN-00009_CUST-00009/LOAN-00009_CUST-00009_tax_return_summary.md
LOAN-00009,CUST-00009,Avery Xu,avery.xu.00009@example.test,555-109-1333,"163 Oak St, Albany, NY 10747",HH-00005,673,Moderate,Purchase contract,purchase_contract,Property/loan validation,packages/LOAN-00009_CUST-00009/LOAN-00009_CUST-00009_purchase_contract.md
LOAN-00009,CUST-00009,Avery Xu,avery.xu.00009@example.test,555-109-1333,"163 Oak St, Albany, NY 10747",HH-00005,673,Moderate,Appraisal summary,appraisal_summary,Property valuation,packages/LOAN-00009_CUST-00009/LOAN-00009_CUST-00009_appraisal_summary.md
LOAN-00010,CUST-00010,Logan Reed,logan.reed.00010@example.test,555-110-1370,"170 Oak Ave, Tulsa, OK 10830",HH-00005,665,Moderate,Loan application,loan_application,Data extraction,packages/LOAN-00010_CUST-00010/LOAN-00010_CUST-00010_loan_application.md
LOAN-00010,CUST-00010,Logan Reed,logan.reed.00010@example.test,555-110-1370,"170 Oak Ave, Tulsa, OK 10830",HH-00005,665,Moderate,Paystub,paystub,Income verification,packages/LOAN-00010_CUST-00010/LOAN-00010_CUST-00010_paystub.md
LOAN-00010,CUST-00010,Logan Reed,logan.reed.00010@example.test,555-110-1370,"170 Oak Ave, Tulsa, OK 10830",HH-00005,665,Moderate,Bank statements,bank_statement,Asset verification,packages/LOAN-00010_CUST-00010/LOAN-00010_CUST-00010_bank_statement.md
LOAN-00010,CUST-00010,Logan Reed,logan.reed.00010@example.test,555-110-1370,"170 Oak Ave, Tulsa, OK 10830",HH-00005,665,Moderate,W-2 or 1099 summary,w2_1099_summary,Income validation,packages/LOAN-00010_CUST-00010/LOAN-00010_CUST-00010_w2_1099_summary.md
LOAN-00010,CUST-00010,Logan Reed,logan.reed.00010@example.test,555-110-1370,"170 Oak Ave, Tulsa, OK 10830",HH-00005,665,Moderate,Tax return summary,tax_return_summary,Income validation,packages/LOAN-00010_CUST-00010/LOAN-00010_CUST-00010_tax_return_summary.md
LOAN-00010,CUST-00010,Logan Reed,logan.reed.00010@example.test,555-110-1370,"170 Oak Ave, Tulsa, OK 10830",HH-00005,665,Moderate,Purchase contract,purchase_contract,Property/loan validation,packages/LOAN-00010_CUST-00010/LOAN-00010_CUST-00010_purchase_contract.md
LOAN-00010,CUST-00010,Logan Reed,logan.reed.00010@example.test,555-110-1370,"170 Oak Ave, Tulsa, OK 10830",HH-00005,665,Moderate,Appraisal summary,appraisal_summary,Property valuation,packages/LOAN-00010_CUST-00010/LOAN-00010_CUST-00010_appraisal_summary.md
LOAN-00011,CUST-00011,Noel Nolan,noel.nolan.00011@example.test,555-111-1407,"177 Lake St, Sacramento, CA 10913",HH-00006,666,Moderate,Loan application,loan_application,Data extraction,packages/LOAN-00011_CUST-00011/LOAN-00011_CUST-00011_loan_application.md
LOAN-00011,CUST-00011,Noel Nolan,noel.nolan.00011@example.test,555-111-1407,"177 Lake St, Sacramento, CA 10913",HH-00006,666,Moderate,Paystub,paystub,Income verification,packages/LOAN-00011_CUST-00011/LOAN-00011_CUST-00011_paystub.md
LOAN-00011,CUST-00011,Noel Nolan,noel.nolan.00011@example.test,555-111-1407,"177 Lake St, Sacramento, CA 10913",HH-00006,666,Moderate,Bank statements,bank_statement,Asset verification,packages/LOAN-00011_CUST-00011/LOAN-00011_CUST-00011_bank_statement.md
LOAN-00011,CUST-00011,Noel Nolan,noel.nolan.00011@example.test,555-111-1407,"177 Lake St, Sacramento, CA 10913",HH-00006,666,Moderate,W-2 or 1099 summary,w2_1099_summary,Income validation,packages/LOAN-00011_CUST-00011/LOAN-00011_CUST-00011_w2_1099_summary.md
LOAN-00011,CUST-00011,Noel Nolan,noel.nolan.00011@example.test,555-111-1407,"177 Lake St, Sacramento, CA 10913",HH-00006,666,Moderate,Tax return summary,tax_return_summary,Income validation,packages/LOAN-00011_CUST-00011/LOAN-00011_CUST-00011_tax_return_summary.md
LOAN-00011,CUST-00011,Noel Nolan,noel.nolan.00011@example.test,555-111-1407,"177 Lake St, Sacramento, CA 10913",HH-00006,666,Moderate,Purchase contract,purchase_contract,Property/loan validation,packages/LOAN-00011_CUST-00011/LOAN-00011_CUST-00011_purchase_contract.md
LOAN-00011,CUST-00011,Noel Nolan,noel.nolan.00011@example.test,555-111-1407,"177 Lake St, Sacramento, CA 10913",HH-00006,666,Moderate,Appraisal summary,appraisal_summary,Property valuation,packages/LOAN-00011_CUST-00011/LOAN-00011_CUST-00011_appraisal_summary.md
LOAN-00012,CUST-00012,Jordan Reed,jordan.reed.00012@example.test,555-112-1444,"184 Cedar Ave, Tampa, FL 10996",HH-00006,667,Moderate,Loan application,loan_application,Data extraction,packages/LOAN-00012_CUST-00012/LOAN-00012_CUST-00012_loan_application.md
LOAN-00012,CUST-00012,Jordan Reed,jordan.reed.00012@example.test,555-112-1444,"184 Cedar Ave, Tampa, FL 10996",HH-00006,667,Moderate,Paystub,paystub,Income verification,packages/LOAN-00012_CUST-00012/LOAN-00012_CUST-00012_paystub.md
LOAN-00012,CUST-00012,Jordan Reed,jordan.reed.00012@example.test,555-112-1444,"184 Cedar Ave, Tampa, FL 10996",HH-00006,667,Moderate,Bank statements,bank_statement,Asset verification,packages/LOAN-00012_CUST-00012/LOAN-00012_CUST-00012_bank_statement.md
LOAN-00012,CUST-00012,Jordan Reed,jordan.reed.00012@example.test,555-112-1444,"184 Cedar Ave, Tampa, FL 10996",HH-00006,667,Moderate,W-2 or 1099 summary,w2_1099_summary,Income validation,packages/LOAN-00012_CUST-00012/LOAN-00012_CUST-00012_w2_1099_summary.md
LOAN-00012,CUST-00012,Jordan Reed,jordan.reed.00012@example.test,555-112-1444,"184 Cedar Ave, Tampa, FL 10996",HH-00006,667,Moderate,Tax return summary,tax_return_summary,Income validation,packages/LOAN-00012_CUST-00012/LOAN-00012_CUST-00012_tax_return_summary.md
LOAN-00012,CUST-00012,Jordan Reed,jordan.reed.00012@example.test,555-112-1444,"184 Cedar Ave, Tampa, FL 10996",HH-00006,667,Moderate,Purchase contract,purchase_contract,Property/loan validation,packages/LOAN-00012_CUST-00012/LOAN-00012_CUST-00012_purchase_contract.md
LOAN-00012,CUST-00012,Jordan Reed,jordan.reed.00012@example.test,555-112-1444,"184 Cedar Ave, Tampa, FL 10996",HH-00006,667,Moderate,Appraisal summary,appraisal_summary,Property valuation,packages/LOAN-00012_CUST-00012/LOAN-00012_CUST-00012_appraisal_summary.md
LOAN-00013,CUST-00013,Noel Zimmer,noel.zimmer.00013@example.test,555-113-1481,"191 Union St, Tulsa, OK 11079",HH-00007,668,Moderate,Loan application,loan_application,Data extraction,packages/LOAN-00013_CUST-00013/LOAN-00013_CUST-00013_loan_application.md
LOAN-00013,CUST-00013,Noel Zimmer,noel.zimmer.00013@example.test,555-113-1481,"191 Union St, Tulsa, OK 11079",HH-00007,668,Moderate,Paystub,paystub,Income verification,packages/LOAN-00013_CUST-00013/LOAN-00013_CUST-00013_paystub.md
LOAN-00013,CUST-00013,Noel Zimmer,noel.zimmer.00013@example.test,555-113-1481,"191 Union St, Tulsa, OK 11079",HH-00007,668,Moderate,Bank statements,bank_statement,Asset verification,packages/LOAN-00013_CUST-00013/LOAN-00013_CUST-00013_bank_statement.md
LOAN-00013,CUST-00013,Noel Zimmer,noel.zimmer.00013@example.test,555-113-1481,"191 Union St, Tulsa, OK 11079",HH-00007,668,Moderate,W-2 or 1099 summary,w2_1099_summary,Income validation,packages/LOAN-00013_CUST-00013/LOAN-00013_CUST-00013_w2_1099_summary.md
LOAN-00013,CUST-00013,Noel Zimmer,noel.zimmer.00013@example.test,555-113-1481,"191 Union St, Tulsa, OK 11079",HH-00007,668,Moderate,Tax return summary,tax_return_summary,Income validation,packages/LOAN-00013_CUST-00013/LOAN-00013_CUST-00013_tax_return_summary.md
LOAN-00013,CUST-00013,Noel Zimmer,noel.zimmer.00013@example.test,555-113-1481,"191 Union St, Tulsa, OK 11079",HH-00007,668,Moderate,Purchase contract,purchase_contract,Property/loan validation,packages/LOAN-00013_CUST-00013/LOAN-00013_CUST-00013_purchase_contract.md
LOAN-00013,CUST-00013,Noel Zimmer,noel.zimmer.00013@example.test,555-113-1481,"191 Union St, Tulsa, OK 11079",HH-00007,668,Moderate,Appraisal summary,appraisal_summary,Property valuation,packages/LOAN-00013_CUST-00013/LOAN-00013_CUST-00013_appraisal_summary.md
LOAN-00014,CUST-00014,Harper Kim,harper.kim.00014@example.test,555-114-1518,"198 Pine Blvd, Richmond, VA 11162",HH-00007,669,Moderate,Loan application,loan_application,Data extraction,packages/LOAN-00014_CUST-00014/LOAN-00014_CUST-00014_loan_application.md
LOAN-00014,CUST-00014,Harper Kim,harper.kim.00014@example.test,555-114-1518,"198 Pine Blvd, Richmond, VA 11162",HH-00007,669,Moderate,Paystub,paystub,Income verification,packages/LOAN-00014_CUST-00014/LOAN-00014_CUST-00014_paystub.md
LOAN-00014,CUST-00014,Harper Kim,harper.kim.00014@example.test,555-114-1518,"198 Pine Blvd, Richmond, VA 11162",HH-00007,669,Moderate,Bank statements,bank_statement,Asset verification,packages/LOAN-00014_CUST-00014/LOAN-00014_CUST-00014_bank_statement.md
LOAN-00014,CUST-00014,Harper Kim,harper.kim.00014@example.test,555-114-1518,"198 Pine Blvd, Richmond, VA 11162",HH-00007,669,Moderate,W-2 or 1099 summary,w2_1099_summary,Income validation,packages/LOAN-00014_CUST-00014/LOAN-00014_CUST-00014_w2_1099_summary.md
LOAN-00014,CUST-00014,Harper Kim,harper.kim.00014@example.test,555-114-1518,"198 Pine Blvd, Richmond, VA 11162",HH-00007,669,Moderate,Tax return summary,tax_return_summary,Income validation,packages/LOAN-00014_CUST-00014/LOAN-00014_CUST-00014_tax_return_summary.md
LOAN-00014,CUST-00014,Harper Kim,harper.kim.00014@example.test,555-114-1518,"198 Pine Blvd, Richmond, VA 11162",HH-00007,669,Moderate,Purchase contract,purchase_contract,Property/loan validation,packages/LOAN-00014_CUST-00014/LOAN-00014_CUST-00014_purchase_contract.md
LOAN-00014,CUST-00014,Harper Kim,harper.kim.00014@example.test,555-114-1518,"198 Pine Blvd, Richmond, VA 11162",HH-00007,669,Moderate,Appraisal summary,appraisal_summary,Property valuation,packages/LOAN-00014_CUST-00014/LOAN-00014_CUST-00014_appraisal_summary.md
LOAN-00015,CUST-00015,Quinn Irwin,quinn.irwin.00015@example.test,555-115-1555,"205 Union Blvd, Richmond, VA 11245",HH-00008,670,Moderate,Loan application,loan_application,Data extraction,packages/LOAN-00015_CUST-00015/LOAN-00015_CUST-00015_loan_application.md
LOAN-00015,CUST-00015,Quinn Irwin,quinn.irwin.00015@example.test,555-115-1555,"205 Union Blvd, Richmond, VA 11245",HH-00008,670,Moderate,Paystub,paystub,Income verification,packages/LOAN-00015_CUST-00015/LOAN-00015_CUST-00015_paystub.md
LOAN-00015,CUST-00015,Quinn Irwin,quinn.irwin.00015@example.test,555-115-1555,"205 Union Blvd, Richmond, VA 11245",HH-00008,670,Moderate,Bank statements,bank_statement,Asset verification,packages/LOAN-00015_CUST-00015/LOAN-00015_CUST-00015_bank_statement.md
LOAN-00015,CUST-00015,Quinn Irwin,quinn.irwin.00015@example.test,555-115-1555,"205 Union Blvd, Richmond, VA 11245",HH-00008,670,Moderate,W-2 or 1099 summary,w2_1099_summary,Income validation,packages/LOAN-00015_CUST-00015/LOAN-00015_CUST-00015_w2_1099_summary.md
LOAN-00015,CUST-00015,Quinn Irwin,quinn.irwin.00015@example.test,555-115-1555,"205 Union Blvd, Richmond, VA 11245",HH-00008,670,Moderate,Tax return summary,tax_return_summary,Income validation,packages/LOAN-00015_CUST-00015/LOAN-00015_CUST-00015_tax_return_summary.md
LOAN-00015,CUST-00015,Quinn Irwin,quinn.irwin.00015@example.test,555-115-1555,"205 Union Blvd, Richmond, VA 11245",HH-00008,670,Moderate,Purchase contract,purchase_contract,Property/loan validation,packages/LOAN-00015_CUST-00015/LOAN-00015_CUST-00015_purchase_contract.md
LOAN-00015,CUST-00015,Quinn Irwin,quinn.irwin.00015@example.test,555-115-1555,"205 Union Blvd, Richmond, VA 11245",HH-00008,670,Moderate,Appraisal summary,appraisal_summary,Property valuation,packages/LOAN-00015_CUST-00015/LOAN-00015_CUST-00015_appraisal_summary.md
LOAN-00016,CUST-00016,Payton Bennett,payton.bennett.00016@example.test,555-116-1592,"212 Hill Rd, Columbus, OH 11328",HH-00008,671,Moderate,Loan application,loan_application,Data extraction,packages/LOAN-00016_CUST-00016/LOAN-00016_CUST-00016_loan_application.md
LOAN-00016,CUST-00016,Payton Bennett,payton.bennett.00016@example.test,555-116-1592,"212 Hill Rd, Columbus, OH 11328",HH-00008,671,Moderate,Paystub,paystub,Income verification,packages/LOAN-00016_CUST-00016/LOAN-00016_CUST-00016_paystub.md
LOAN-00016,CUST-00016,Payton Bennett,payton.bennett.00016@example.test,555-116-1592,"212 Hill Rd, Columbus, OH 11328",HH-00008,671,Moderate,Bank statements,bank_statement,Asset verification,packages/LOAN-00016_CUST-00016/LOAN-00016_CUST-00016_bank_statement.md
LOAN-00016,CUST-00016,Payton Bennett,payton.bennett.00016@example.test,555-116-1592,"212 Hill Rd, Columbus, OH 11328",HH-00008,671,Moderate,W-2 or 1099 summary,w2_1099_summary,Income validation,packages/LOAN-00016_CUST-00016/LOAN-00016_CUST-00016_w2_1099_summary.md
LOAN-00016,CUST-00016,Payton Bennett,payton.bennett.00016@example.test,555-116-1592,"212 Hill Rd, Columbus, OH 11328",HH-00008,671,Moderate,Tax return summary,tax_return_summary,Income validation,packages/LOAN-00016_CUST-00016/LOAN-00016_CUST-00016_tax_return_summary.md
LOAN-00016,CUST-00016,Payton Bennett,payton.bennett.00016@example.test,555-116-1592,"212 Hill Rd, Columbus, OH 11328",HH-00008,671,Moderate,Purchase contract,purchase_contract,Property/loan validation,packages/LOAN-00016_CUST-00016/LOAN-00016_CUST-00016_purchase_contract.md
LOAN-00016,CUST-00016,Payton Bennett,payton.bennett.00016@example.test,555-116-1592,"212 Hill Rd, Columbus, OH 11328",HH-00008,671,Moderate,Appraisal summary,appraisal_summary,Property valuation,packages/LOAN-00016_CUST-00016/LOAN-00016_CUST-00016_appraisal_summary.md
LOAN-00017,CUST-00017,Alex Patel,alex.patel.00017@example.test,555-117-1629,"219 Pine Blvd, Nashville, TN 11411",HH-00009,672,Moderate,Loan application,loan_application,Data extraction,packages/LOAN-00017_CUST-00017/LOAN-00017_CUST-00017_loan_application.md
LOAN-00017,CUST-00017,Alex Patel,alex.patel.00017@example.test,555-117-1629,"219 Pine Blvd, Nashville, TN 11411",HH-00009,672,Moderate,Paystub,paystub,Income verification,packages/LOAN-00017_CUST-00017/LOAN-00017_CUST-00017_paystub.md
LOAN-00017,CUST-00017,Alex Patel,alex.patel.00017@example.test,555-117-1629,"219 Pine Blvd, Nashville, TN 11411",HH-00009,672,Moderate,Bank statements,bank_statement,Asset verification,packages/LOAN-00017_CUST-00017/LOAN-00017_CUST-00017_bank_statement.md
LOAN-00017,CUST-00017,Alex Patel,alex.patel.00017@example.test,555-117-1629,"219 Pine Blvd, Nashville, TN 11411",HH-00009,672,Moderate,W-2 or 1099 summary,w2_1099_summary,Income validation,packages/LOAN-00017_CUST-00017/LOAN-00017_CUST-00017_w2_1099_summary.md
LOAN-00017,CUST-00017,Alex Patel,alex.patel.00017@example.test,555-117-1629,"219 Pine Blvd, Nashville, TN 11411",HH-00009,672,Moderate,Tax return summary,tax_return_summary,Income validation,packages/LOAN-00017_CUST-00017/LOAN-00017_CUST-00017_tax_return_summary.md
LOAN-00017,CUST-00017,Alex Patel,alex.patel.00017@example.test,555-117-1629,"219 Pine Blvd, Nashville, TN 11411",HH-00009,672,Moderate,Purchase contract,purchase_contract,Property/loan validation,packages/LOAN-00017_CUST-00017/LOAN-00017_CUST-00017_purchase_contract.md
LOAN-00017,CUST-00017,Alex Patel,alex.patel.00017@example.test,555-117-1629,"219 Pine Blvd, Nashville, TN 11411",HH-00009,672,Moderate,Appraisal summary,appraisal_summary,Property valuation,packages/LOAN-00017_CUST-00017/LOAN-00017_CUST-00017_appraisal_summary.md
LOAN-00018,CUST-00018,Hayden Owens,hayden.owens.00018@example.test,555-118-1666,"226 Oak Ave, Columbus, OH 11494",HH-00009,673,Moderate,Loan application,loan_application,Data extraction,packages/LOAN-00018_CUST-00018/LOAN-00018_CUST-00018_loan_application.md
LOAN-00018,CUST-00018,Hayden Owens,hayden.owens.00018@example.test,555-118-1666,"226 Oak Ave, Columbus, OH 11494",HH-00009,673,Moderate,Paystub,paystub,Income verification,packages/LOAN-00018_CUST-00018/LOAN-00018_CUST-00018_paystub.md
LOAN-00018,CUST-00018,Hayden Owens,hayden.owens.00018@example.test,555-118-1666,"226 Oak Ave, Columbus, OH 11494",HH-00009,673,Moderate,Bank statements,bank_statement,Asset verification,packages/LOAN-00018_CUST-00018/LOAN-00018_CUST-00018_bank_statement.md
LOAN-00018,CUST-00018,Hayden Owens,hayden.owens.00018@example.test,555-118-1666,"226 Oak Ave, Columbus, OH 11494",HH-00009,673,Moderate,W-2 or 1099 summary,w2_1099_summary,Income validation,packages/LOAN-00018_CUST-00018/LOAN-00018_CUST-00018_w2_1099_summary.md
LOAN-00018,CUST-00018,Hayden Owens,hayden.owens.00018@example.test,555-118-1666,"226 Oak Ave, Columbus, OH 11494",HH-00009,673,Moderate,Tax return summary,tax_return_summary,Income validation,packages/LOAN-00018_CUST-00018/LOAN-00018_CUST-00018_tax_return_summary.md
LOAN-00018,CUST-00018,Hayden Owens,hayden.owens.00018@example.test,555-118-1666,"226 Oak Ave, Columbus, OH 11494",HH-00009,673,Moderate,Purchase contract,purchase_contract,Property/loan validation,packages/LOAN-00018_CUST-00018/LOAN-00018_CUST-00018_purchase_contract.md
LOAN-00018,CUST-00018,Hayden Owens,hayden.owens.00018@example.test,555-118-1666,"226 Oak Ave, Columbus, OH 11494",HH-00009,673,Moderate,Appraisal summary,appraisal_summary,Property valuation,packages/LOAN-00018_CUST-00018/LOAN-00018_CUST-00018_appraisal_summary.md
LOAN-00019,CUST-00019,Reese Walsh,reese.walsh.00019@example.test,555-119-1703,"233 Pine Ave, Raleigh, NC 11577",HH-00010,674,Moderate,Loan application,loan_application,Data extraction,packages/LOAN-00019_CUST-00019/LOAN-00019_CUST-00019_loan_application.md
LOAN-00019,CUST-00019,Reese Walsh,reese.walsh.00019@example.test,555-119-1703,"233 Pine Ave, Raleigh, NC 11577",HH-00010,674,Moderate,Paystub,paystub,Income verification,packages/LOAN-00019_CUST-00019/LOAN-00019_CUST-00019_paystub.md
LOAN-00019,CUST-00019,Reese Walsh,reese.walsh.00019@example.test,555-119-1703,"233 Pine Ave, Raleigh, NC 11577",HH-00010,674,Moderate,Bank statements,bank_statement,Asset verification,packages/LOAN-00019_CUST-00019/LOAN-00019_CUST-00019_bank_statement.md
LOAN-00019,CUST-00019,Reese Walsh,reese.walsh.00019@example.test,555-119-1703,"233 Pine Ave, Raleigh, NC 11577",HH-00010,674,Moderate,W-2 or 1099 summary,w2_1099_summary,Income validation,packages/LOAN-00019_CUST-00019/LOAN-00019_CUST-00019_w2_1099_summary.md
LOAN-00019,CUST-00019,Reese Walsh,reese.walsh.00019@example.test,555-119-1703,"233 Pine Ave, Raleigh, NC 11577",HH-00010,674,Moderate,Tax return summary,tax_return_summary,Income validation,packages/LOAN-00019_CUST-00019/LOAN-00019_CUST-00019_tax_return_summary.md
LOAN-00019,CUST-00019,Reese Walsh,reese.walsh.00019@example.test,555-119-1703,"233 Pine Ave, Raleigh, NC 11577",HH-00010,674,Moderate,Purchase contract,purchase_contract,Property/loan validation,packages/LOAN-00019_CUST-00019/LOAN-00019_CUST-00019_purchase_contract.md
LOAN-00019,CUST-00019,Reese Walsh,reese.walsh.00019@example.test,555-119-1703,"233 Pine Ave, Raleigh, NC 11577",HH-00010,674,Moderate,Appraisal summary,appraisal_summary,Property valuation,packages/LOAN-00019_CUST-00019/LOAN-00019_CUST-00019_appraisal_summary.md
LOAN-00020,CUST-00020,Quinn Vega,quinn.vega.00020@example.test,555-120-1740,"240 Pine Ln, Albany, NY 11660",HH-00010,666,Moderate,Loan application,loan_application,Data extraction,packages/LOAN-00020_CUST-00020/LOAN-00020_CUST-00020_loan_application.md
LOAN-00020,CUST-00020,Quinn Vega,quinn.vega.00020@example.test,555-120-1740,"240 Pine Ln, Albany, NY 11660",HH-00010,666,Moderate,Paystub,paystub,Income verification,packages/LOAN-00020_CUST-00020/LOAN-00020_CUST-00020_paystub.md
LOAN-00020,CUST-00020,Quinn Vega,quinn.vega.00020@example.test,555-120-1740,"240 Pine Ln, Albany, NY 11660",HH-00010,666,Moderate,Bank statements,bank_statement,Asset verification,packages/LOAN-00020_CUST-00020/LOAN-00020_CUST-00020_bank_statement.md
LOAN-00020,CUST-00020,Quinn Vega,quinn.vega.00020@example.test,555-120-1740,"240 Pine Ln, Albany, NY 11660",HH-00010,666,Moderate,W-2 or 1099 summary,w2_1099_summary,Income validation,packages/LOAN-00020_CUST-00020/LOAN-00020_CUST-00020_w2_1099_summary.md
LOAN-00020,CUST-00020,Quinn Vega,quinn.vega.00020@example.test,555-120-1740,"240 Pine Ln, Albany, NY 11660",HH-00010,666,Moderate,Tax return summary,tax_return_summary,Income validation,packages/LOAN-00020_CUST-00020/LOAN-00020_CUST-00020_tax_return_summary.md
LOAN-00020,CUST-00020,Quinn Vega,quinn.vega.00020@example.test,555-120-1740,"240 Pine Ln, Albany, NY 11660",HH-00010,666,Moderate,Purchase contract,purchase_contract,Property/loan validation,packages/LOAN-00020_CUST-00020/LOAN-00020_CUST-00020_purchase_contract.md
LOAN-00020,CUST-00020,Quinn Vega,quinn.vega.00020@example.test,555-120-1740,"240 Pine Ln, Albany, NY 11660",HH-00010,666,Moderate,Appraisal summary,appraisal_summary,Property valuation,packages/LOAN-00020_CUST-00020/LOAN-00020_CUST-00020_appraisal_summary.md
LOAN-00021,CUST-00021,Reese Morris,reese.morris.00021@example.test,555-121-1777,"247 Union Blvd, Denver, CO 11743",HH-00011,667,Moderate,Loan application,loan_application,Data extraction,packages/LOAN-00021_CUST-00021/LOAN-00021_CUST-00021_loan_application.md
LOAN-00021,CUST-00021,Reese Morris,reese.morris.00021@example.test,555-121-1777,"247 Union Blvd, Denver, CO 11743",HH-00011,667,Moderate,Paystub,paystub,Income verification,packages/LOAN-00021_CUST-00021/LOAN-00021_CUST-00021_paystub.md
LOAN-00021,CUST-00021,Reese Morris,reese.morris.00021@example.test,555-121-1777,"247 Union Blvd, Denver, CO 11743",HH-00011,667,Moderate,Bank statements,bank_statement,Asset verification,packages/LOAN-00021_CUST-00021/LOAN-00021_CUST-00021_bank_statement.md
LOAN-00021,CUST-00021,Reese Morris,reese.morris.00021@example.test,555-121-1777,"247 Union Blvd, Denver, CO 11743",HH-00011,667,Moderate,W-2 or 1099 summary,w2_1099_summary,Income validation,packages/LOAN-00021_CUST-00021/LOAN-00021_CUST-00021_w2_1099_summary.md
LOAN-00021,CUST-00021,Reese Morris,reese.morris.00021@example.test,555-121-1777,"247 Union Blvd, Denver, CO 11743",HH-00011,667,Moderate,Tax return summary,tax_return_summary,Income validation,packages/LOAN-00021_CUST-00021/LOAN-00021_CUST-00021_tax_return_summary.md
LOAN-00021,CUST-00021,Reese Morris,reese.morris.00021@example.test,555-121-1777,"247 Union Blvd, Denver, CO 11743",HH-00011,667,Moderate,Purchase contract,purchase_contract,Property/loan validation,packages/LOAN-00021_CUST-00021/LOAN-00021_CUST-00021_purchase_contract.md
LOAN-00021,CUST-00021,Reese Morris,reese.morris.00021@example.test,555-121-1777,"247 Union Blvd, Denver, CO 11743",HH-00011,667,Moderate,Appraisal summary,appraisal_summary,Property valuation,packages/LOAN-00021_CUST-00021/LOAN-00021_CUST-00021_appraisal_summary.md
LOAN-00022,CUST-00022,Finley Foster,finley.foster.00022@example.test,555-122-1814,"254 Lake Blvd, Richmond, VA 11826",HH-00011,668,Moderate,Loan application,loan_application,Data extraction,packages/LOAN-00022_CUST-00022/LOAN-00022_CUST-00022_loan_application.md
LOAN-00022,CUST-00022,Finley Foster,finley.foster.00022@example.test,555-122-1814,"254 Lake Blvd, Richmond, VA 11826",HH-00011,668,Moderate,Paystub,paystub,Income verification,packages/LOAN-00022_CUST-00022/LOAN-00022_CUST-00022_paystub.md
LOAN-00022,CUST-00022,Finley Foster,finley.foster.00022@example.test,555-122-1814,"254 Lake Blvd, Richmond, VA 11826",HH-00011,668,Moderate,Bank statements,bank_statement,Asset verification,packages/LOAN-00022_CUST-00022/LOAN-00022_CUST-00022_bank_statement.md
LOAN-00022,CUST-00022,Finley Foster,finley.foster.00022@example.test,555-122-1814,"254 Lake Blvd, Richmond, VA 11826",HH-00011,668,Moderate,W-2 or 1099 summary,w2_1099_summary,Income validation,packages/LOAN-00022_CUST-00022/LOAN-00022_CUST-00022_w2_1099_summary.md
LOAN-00022,CUST-00022,Finley Foster,finley.foster.00022@example.test,555-122-1814,"254 Lake Blvd, Richmond, VA 11826",HH-00011,668,Moderate,Tax return summary,tax_return_summary,Income validation,packages/LOAN-00022_CUST-00022/LOAN-00022_CUST-00022_tax_return_summary.md
LOAN-00022,CUST-00022,Finley Foster,finley.foster.00022@example.test,555-122-1814,"254 Lake Blvd, Richmond, VA 11826",HH-00011,668,Moderate,Purchase contract,purchase_contract,Property/loan validation,packages/LOAN-00022_CUST-00022/LOAN-00022_CUST-00022_purchase_contract.md
LOAN-00022,CUST-00022,Finley Foster,finley.foster.00022@example.test,555-122-1814,"254 Lake Blvd, Richmond, VA 11826",HH-00011,668,Moderate,Appraisal summary,appraisal_summary,Property valuation,packages/LOAN-00022_CUST-00022/LOAN-00022_CUST-00022_appraisal_summary.md
LOAN-00023,CUST-00023,Vaughn Nolan,vaughn.nolan.00023@example.test,555-123-1851,"261 River Rd, Raleigh, NC 11909",HH-00012,669,Moderate,Loan application,loan_application,Data extraction,packages/LOAN-00023_CUST-00023/LOAN-00023_CUST-00023_loan_application.md
LOAN-00023,CUST-00023,Vaughn Nolan,vaughn.nolan.00023@example.test,555-123-1851,"261 River Rd, Raleigh, NC 11909",HH-00012,669,Moderate,Paystub,paystub,Income verification,packages/LOAN-00023_CUST-00023/LOAN-00023_CUST-00023_paystub.md
LOAN-00023,CUST-00023,Vaughn Nolan,vaughn.nolan.00023@example.test,555-123-1851,"261 River Rd, Raleigh, NC 11909",HH-00012,669,Moderate,Bank statements,bank_statement,Asset verification,packages/LOAN-00023_CUST-00023/LOAN-00023_CUST-00023_bank_statement.md
LOAN-00023,CUST-00023,Vaughn Nolan,vaughn.nolan.00023@example.test,555-123-1851,"261 River Rd, Raleigh, NC 11909",HH-00012,669,Moderate,W-2 or 1099 summary,w2_1099_summary,Income validation,packages/LOAN-00023_CUST-00023/LOAN-00023_CUST-00023_w2_1099_summary.md
LOAN-00023,CUST-00023,Vaughn Nolan,vaughn.nolan.00023@example.test,555-123-1851,"261 River Rd, Raleigh, NC 11909",HH-00012,669,Moderate,Tax return summary,tax_return_summary,Income validation,packages/LOAN-00023_CUST-00023/LOAN-00023_CUST-00023_tax_return_summary.md
LOAN-00023,CUST-00023,Vaughn Nolan,vaughn.nolan.00023@example.test,555-123-1851,"261 River Rd, Raleigh, NC 11909",HH-00012,669,Moderate,Purchase contract,purchase_contract,Property/loan validation,packages/LOAN-00023_CUST-00023/LOAN-00023_CUST-00023_purchase_contract.md
LOAN-00023,CUST-00023,Vaughn Nolan,vaughn.nolan.00023@example.test,555-123-1851,"261 River Rd, Raleigh, NC 11909",HH-00012,669,Moderate,Appraisal summary,appraisal_summary,Property valuation,packages/LOAN-00023_CUST-00023/LOAN-00023_CUST-00023_appraisal_summary.md
LOAN-00024,CUST-00024,Jordan Lewis,jordan.lewis.00024@example.test,555-124-1888,"268 Maple St, Portland, OR 11992",HH-00012,670,Moderate,Loan application,loan_application,Data extraction,packages/LOAN-00024_CUST-00024/LOAN-00024_CUST-00024_loan_application.md
LOAN-00024,CUST-00024,Jordan Lewis,jordan.lewis.00024@example.test,555-124-1888,"268 Maple St, Portland, OR 11992",HH-00012,670,Moderate,Paystub,paystub,Income verification,packages/LOAN-00024_CUST-00024/LOAN-00024_CUST-00024_paystub.md
LOAN-00024,CUST-00024,Jordan Lewis,jordan.lewis.00024@example.test,555-124-1888,"268 Maple St, Portland, OR 11992",HH-00012,670,Moderate,Bank statements,bank_statement,Asset verification,packages/LOAN-00024_CUST-00024/LOAN-00024_CUST-00024_bank_statement.md
LOAN-00024,CUST-00024,Jordan Lewis,jordan.lewis.00024@example.test,555-124-1888,"268 Maple St, Portland, OR 11992",HH-00012,670,Moderate,W-2 or 1099 summary,w2_1099_summary,Income validation,packages/LOAN-00024_CUST-00024/LOAN-00024_CUST-00024_w2_1099_summary.md
LOAN-00024,CUST-00024,Jordan Lewis,jordan.lewis.00024@example.test,555-124-1888,"268 Maple St, Portland, OR 11992",HH-00012,670,Moderate,Tax return summary,tax_return_summary,Income validation,packages/LOAN-00024_CUST-00024/LOAN-00024_CUST-00024_tax_return_summary.md
LOAN-00024,CUST-00024,Jordan Lewis,jordan.lewis.00024@example.test,555-124-1888,"268 Maple St, Portland, OR 11992",HH-00012,670,Moderate,Purchase contract,purchase_contract,Property/loan validation,packages/LOAN-00024_CUST-00024/LOAN-00024_CUST-00024_purchase_contract.md
LOAN-00024,CUST-00024,Jordan Lewis,jordan.lewis.00024@example.test,555-124-1888,"268 Maple St, Portland, OR 11992",HH-00012,670,Moderate,Appraisal summary,appraisal_summary,Property valuation,packages/LOAN-00024_CUST-00024/LOAN-00024_CUST-00024_appraisal_summary.md
LOAN-00025,CUST-00025,Rowan Wells,rowan.wells.00025@example.test,555-125-1925,"275 Pine Ave, Phoenix, AZ 12075",HH-00013,671,Moderate,Loan application,loan_application,Data extraction,packages/LOAN-00025_CUST-00025/LOAN-00025_CUST-00025_loan_application.md
LOAN-00025,CUST-00025,Rowan Wells,rowan.wells.00025@example.test,555-125-1925,"275 Pine Ave, Phoenix, AZ 12075",HH-00013,671,Moderate,Paystub,paystub,Income verification,packages/LOAN-00025_CUST-00025/LOAN-00025_CUST-00025_paystub.md
LOAN-00025,CUST-00025,Rowan Wells,rowan.wells.00025@example.test,555-125-1925,"275 Pine Ave, Phoenix, AZ 12075",HH-00013,671,Moderate,Bank statements,bank_statement,Asset verification,packages/LOAN-00025_CUST-00025/LOAN-00025_CUST-00025_bank_statement.md
LOAN-00025,CUST-00025,Rowan Wells,rowan.wells.00025@example.test,555-125-1925,"275 Pine Ave, Phoenix, AZ 12075",HH-00013,671,Moderate,W-2 or 1099 summary,w2_1099_summary,Income validation,packages/LOAN-00025_CUST-00025/LOAN-00025_CUST-00025_w2_1099_summary.md
LOAN-00025,CUST-00025,Rowan Wells,rowan.wells.00025@example.test,555-125-1925,"275 Pine Ave, Phoenix, AZ 12075",HH-00013,671,Moderate,Tax return summary,tax_return_summary,Income validation,packages/LOAN-00025_CUST-00025/LOAN-00025_CUST-00025_tax_return_summary.md
LOAN-00025,CUST-00025,Rowan Wells,rowan.wells.00025@example.test,555-125-1925,"275 Pine Ave, Phoenix, AZ 12075",HH-00013,671,Moderate,Purchase contract,purchase_contract,Property/loan validation,packages/LOAN-00025_CUST-00025/LOAN-00025_CUST-00025_purchase_contract.md
LOAN-00025,CUST-00025,Rowan Wells,rowan.wells.00025@example.test,555-125-1925,"275 Pine Ave, Phoenix, AZ 12075",HH-00013,671,Moderate,Appraisal summary,appraisal_summary,Property valuation,packages/LOAN-00025_CUST-00025/LOAN-00025_CUST-00025_appraisal_summary.md
LOAN-00026,CUST-00026,Quinn Xu,quinn.xu.00026@example.test,555-126-1962,"282 Union Blvd, Tulsa, OK 12158",HH-00013,672,Moderate,Loan application,loan_application,Data extraction,packages/LOAN-00026_CUST-00026/LOAN-00026_CUST-00026_loan_application.md
LOAN-00026,CUST-00026,Quinn Xu,quinn.xu.00026@example.test,555-126-1962,"282 Union Blvd, Tulsa, OK 12158",HH-00013,672,Moderate,Paystub,paystub,Income verification,packages/LOAN-00026_CUST-00026/LOAN-00026_CUST-00026_paystub.md
LOAN-00026,CUST-00026,Quinn Xu,quinn.xu.00026@example.test,555-126-1962,"282 Union Blvd, Tulsa, OK 12158",HH-00013,672,Moderate,Bank statements,bank_statement,Asset verification,packages/LOAN-00026_CUST-00026/LOAN-00026_CUST-00026_bank_statement.md
LOAN-00026,CUST-00026,Quinn Xu,quinn.xu.00026@example.test,555-126-1962,"282 Union Blvd, Tulsa, OK 12158",HH-00013,672,Moderate,W-2 or 1099 summary,w2_1099_summary,Income validation,packages/LOAN-00026_CUST-00026/LOAN-00026_CUST-00026_w2_1099_summary.md
LOAN-00026,CUST-00026,Quinn Xu,quinn.xu.00026@example.test,555-126-1962,"282 Union Blvd, Tulsa, OK 12158",HH-00013,672,Moderate,Tax return summary,tax_return_summary,Income validation,packages/LOAN-00026_CUST-00026/LOAN-00026_CUST-00026_tax_return_summary.md
LOAN-00026,CUST-00026,Quinn Xu,quinn.xu.00026@example.test,555-126-1962,"282 Union Blvd, Tulsa, OK 12158",HH-00013,672,Moderate,Purchase contract,purchase_contract,Property/loan validation,packages/LOAN-00026_CUST-00026/LOAN-00026_CUST-00026_purchase_contract.md
LOAN-00026,CUST-00026,Quinn Xu,quinn.xu.00026@example.test,555-126-1962,"282 Union Blvd, Tulsa, OK 12158",HH-00013,672,Moderate,Appraisal summary,appraisal_summary,Property valuation,packages/LOAN-00026_CUST-00026/LOAN-00026_CUST-00026_appraisal_summary.md
LOAN-00027,CUST-00027,Avery Quincy,avery.quincy.00027@example.test,555-127-1999,"289 Lake St, Portland, OR 12241",HH-00014,673,Moderate,Loan application,loan_application,Data extraction,packages/LOAN-00027_CUST-00027/LOAN-00027_CUST-00027_loan_application.md
LOAN-00027,CUST-00027,Avery Quincy,avery.quincy.00027@example.test,555-127-1999,"289 Lake St, Portland, OR 12241",HH-00014,673,Moderate,Paystub,paystub,Income verification,packages/LOAN-00027_CUST-00027/LOAN-00027_CUST-00027_paystub.md
LOAN-00027,CUST-00027,Avery Quincy,avery.quincy.00027@example.test,555-127-1999,"289 Lake St, Portland, OR 12241",HH-00014,673,Moderate,Bank statements,bank_statement,Asset verification,packages/LOAN-00027_CUST-00027/LOAN-00027_CUST-00027_bank_statement.md
LOAN-00027,CUST-00027,Avery Quincy,avery.quincy.00027@example.test,555-127-1999,"289 Lake St, Portland, OR 12241",HH-00014,673,Moderate,W-2 or 1099 summary,w2_1099_summary,Income validation,packages/LOAN-00027_CUST-00027/LOAN-00027_CUST-00027_w2_1099_summary.md
LOAN-00027,CUST-00027,Avery Quincy,avery.quincy.00027@example.test,555-127-1999,"289 Lake St, Portland, OR 12241",HH-00014,673,Moderate,Tax return summary,tax_return_summary,Income validation,packages/LOAN-00027_CUST-00027/LOAN-00027_CUST-00027_tax_return_summary.md
LOAN-00027,CUST-00027,Avery Quincy,avery.quincy.00027@example.test,555-127-1999,"289 Lake St, Portland, OR 12241",HH-00014,673,Moderate,Purchase contract,purchase_contract,Property/loan validation,packages/LOAN-00027_CUST-00027/LOAN-00027_CUST-00027_purchase_contract.md
LOAN-00027,CUST-00027,Avery Quincy,avery.quincy.00027@example.test,555-127-1999,"289 Lake St, Portland, OR 12241",HH-00014,673,Moderate,Appraisal summary,appraisal_summary,Property valuation,packages/LOAN-00027_CUST-00027/LOAN-00027_CUST-00027_appraisal_summary.md
LOAN-00028,CUST-00028,Drew Cole,drew.cole.00028@example.test,555-128-2036,"296 Sunset St, Tampa, FL 12324",HH-00014,674,Moderate,Loan application,loan_application,Data extraction,packages/LOAN-00028_CUST-00028/LOAN-00028_CUST-00028_loan_application.md
LOAN-00028,CUST-00028,Drew Cole,drew.cole.00028@example.test,555-128-2036,"296 Sunset St, Tampa, FL 12324",HH-00014,674,Moderate,Paystub,paystub,Income verification,packages/LOAN-00028_CUST-00028/LOAN-00028_CUST-00028_paystub.md
LOAN-00028,CUST-00028,Drew Cole,drew.cole.00028@example.test,555-128-2036,"296 Sunset St, Tampa, FL 12324",HH-00014,674,Moderate,Bank statements,bank_statement,Asset verification,packages/LOAN-00028_CUST-00028/LOAN-00028_CUST-00028_bank_statement.md
LOAN-00028,CUST-00028,Drew Cole,drew.cole.00028@example.test,555-128-2036,"296 Sunset St, Tampa, FL 12324",HH-00014,674,Moderate,W-2 or 1099 summary,w2_1099_summary,Income validation,packages/LOAN-00028_CUST-00028/LOAN-00028_CUST-00028_w2_1099_summary.md
LOAN-00028,CUST-00028,Drew Cole,drew.cole.00028@example.test,555-128-2036,"296 Sunset St, Tampa, FL 12324",HH-00014,674,Moderate,Tax return summary,tax_return_summary,Income validation,packages/LOAN-00028_CUST-00028/LOAN-00028_CUST-00028_tax_return_summary.md
LOAN-00028,CUST-00028,Drew Cole,drew.cole.00028@example.test,555-128-2036,"296 Sunset St, Tampa, FL 12324",HH-00014,674,Moderate,Purchase contract,purchase_contract,Property/loan validation,packages/LOAN-00028_CUST-00028/LOAN-00028_CUST-00028_purchase_contract.md
LOAN-00028,CUST-00028,Drew Cole,drew.cole.00028@example.test,555-128-2036,"296 Sunset St, Tampa, FL 12324",HH-00014,674,Moderate,Appraisal summary,appraisal_summary,Property valuation,packages/LOAN-00028_CUST-00028/LOAN-00028_CUST-00028_appraisal_summary.md
LOAN-00029,CUST-00029,Avery Hughes,avery.hughes.00029@example.test,555-129-2073,"303 River Ln, Phoenix, AZ 12407",HH-00015,675,Moderate,Loan application,loan_application,Data extraction,packages/LOAN-00029_CUST-00029/LOAN-00029_CUST-00029_loan_application.md
LOAN-00029,CUST-00029,Avery Hughes,avery.hughes.00029@example.test,555-129-2073,"303 River Ln, Phoenix, AZ 12407",HH-00015,675,Moderate,Paystub,paystub,Income verification,packages/LOAN-00029_CUST-00029/LOAN-00029_CUST-00029_paystub.md
LOAN-00029,CUST-00029,Avery Hughes,avery.hughes.00029@example.test,555-129-2073,"303 River Ln, Phoenix, AZ 12407",HH-00015,675,Moderate,Bank statements,bank_statement,Asset verification,packages/LOAN-00029_CUST-00029/LOAN-00029_CUST-00029_bank_statement.md
LOAN-00029,CUST-00029,Avery Hughes,avery.hughes.00029@example.test,555-129-2073,"303 River Ln, Phoenix, AZ 12407",HH-00015,675,Moderate,W-2 or 1099 summary,w2_1099_summary,Income validation,packages/LOAN-00029_CUST-00029/LOAN-00029_CUST-00029_w2_1099_summary.md
LOAN-00029,CUST-00029,Avery Hughes,avery.hughes.00029@example.test,555-129-2073,"303 River Ln, Phoenix, AZ 12407",HH-00015,675,Moderate,Tax return summary,tax_return_summary,Income validation,packages/LOAN-00029_CUST-00029/LOAN-00029_CUST-00029_tax_return_summary.md
LOAN-00029,CUST-00029,Avery Hughes,avery.hughes.00029@example.test,555-129-2073,"303 River Ln, Phoenix, AZ 12407",HH-00015,675,Moderate,Purchase contract,purchase_contract,Property/loan validation,packages/LOAN-00029_CUST-00029/LOAN-00029_CUST-00029_purchase_contract.md
LOAN-00029,CUST-00029,Avery Hughes,avery.hughes.00029@example.test,555-129-2073,"303 River Ln, Phoenix, AZ 12407",HH-00015,675,Moderate,Appraisal summary,appraisal_summary,Property valuation,packages/LOAN-00029_CUST-00029/LOAN-00029_CUST-00029_appraisal_summary.md
LOAN-00030,CUST-00030,Rowan Irwin,rowan.irwin.00030@example.test,555-130-2110,"310 River Rd, Raleigh, NC 12490",HH-00015,667,Moderate,Loan application,loan_application,Data extraction,packages/LOAN-00030_CUST-00030/LOAN-00030_CUST-00030_loan_application.md
LOAN-00030,CUST-00030,Rowan Irwin,rowan.irwin.00030@example.test,555-130-2110,"310 River Rd, Raleigh, NC 12490",HH-00015,667,Moderate,Paystub,paystub,Income verification,packages/LOAN-00030_CUST-00030/LOAN-00030_CUST-00030_paystub.md
LOAN-00030,CUST-00030,Rowan Irwin,rowan.irwin.00030@example.test,555-130-2110,"310 River Rd, Raleigh, NC 12490",HH-00015,667,Moderate,Bank statements,bank_statement,Asset verification,packages/LOAN-00030_CUST-00030/LOAN-00030_CUST-00030_bank_statement.md
LOAN-00030,CUST-00030,Rowan Irwin,rowan.irwin.00030@example.test,555-130-2110,"310 River Rd, Raleigh, NC 12490",HH-00015,667,Moderate,W-2 or 1099 summary,w2_1099_summary,Income validation,packages/LOAN-00030_CUST-00030/LOAN-00030_CUST-00030_w2_1099_summary.md
LOAN-00030,CUST-00030,Rowan Irwin,rowan.irwin.00030@example.test,555-130-2110,"310 River Rd, Raleigh, NC 12490",HH-00015,667,Moderate,Tax return summary,tax_return_summary,Income validation,packages/LOAN-00030_CUST-00030/LOAN-00030_CUST-00030_tax_return_summary.md
LOAN-00030,CUST-00030,Rowan Irwin,rowan.irwin.00030@example.test,555-130-2110,"310 River Rd, Raleigh, NC 12490",HH-00015,667,Moderate,Purchase contract,purchase_contract,Property/loan validation,packages/LOAN-00030_CUST-00030/LOAN-00030_CUST-00030_purchase_contract.md
LOAN-00030,CUST-00030,Rowan Irwin,rowan.irwin.00030@example.test,555-130-2110,"310 River Rd, Raleigh, NC 12490",HH-00015,667,Moderate,Appraisal summary,appraisal_summary,Property valuation,packages/LOAN-00030_CUST-00030/LOAN-00030_CUST-00030_appraisal_summary.md
LOAN-00031,CUST-00031,Marley Kim,marley.kim.00031@example.test,555-131-2147,"317 Pine Ave, Boise, ID 12573",HH-00016,668,Moderate,Loan application,loan_application,Data extraction,packages/LOAN-00031_CUST-00031/LOAN-00031_CUST-00031_loan_application.md
LOAN-00031,CUST-00031,Marley Kim,marley.kim.00031@example.test,555-131-2147,"317 Pine Ave, Boise, ID 12573",HH-00016,668,Moderate,Paystub,paystub,Income verification,packages/LOAN-00031_CUST-00031/LOAN-00031_CUST-00031_paystub.md
LOAN-00031,CUST-00031,Marley Kim,marley.kim.00031@example.test,555-131-2147,"317 Pine Ave, Boise, ID 12573",HH-00016,668,Moderate,Bank statements,bank_statement,Asset verification,packages/LOAN-00031_CUST-00031/LOAN-00031_CUST-00031_bank_statement.md
LOAN-00031,CUST-00031,Marley Kim,marley.kim.00031@example.test,555-131-2147,"317 Pine Ave, Boise, ID 12573",HH-00016,668,Moderate,W-2 or 1099 summary,w2_1099_summary,Income validation,packages/LOAN-00031_CUST-00031/LOAN-00031_CUST-00031_w2_1099_summary.md
LOAN-00031,CUST-00031,Marley Kim,marley.kim.00031@example.test,555-131-2147,"317 Pine Ave, Boise, ID 12573",HH-00016,668,Moderate,Tax return summary,tax_return_summary,Income validation,packages/LOAN-00031_CUST-00031/LOAN-00031_CUST-00031_tax_return_summary.md
LOAN-00031,CUST-00031,Marley Kim,marley.kim.00031@example.test,555-131-2147,"317 Pine Ave, Boise, ID 12573",HH-00016,668,Moderate,Purchase contract,purchase_contract,Property/loan validation,packages/LOAN-00031_CUST-00031/LOAN-00031_CUST-00031_purchase_contract.md
LOAN-00031,CUST-00031,Marley Kim,marley.kim.00031@example.test,555-131-2147,"317 Pine Ave, Boise, ID 12573",HH-00016,668,Moderate,Appraisal summary,appraisal_summary,Property valuation,packages/LOAN-00031_CUST-00031/LOAN-00031_CUST-00031_appraisal_summary.md
LOAN-00032,CUST-00032,Rowan Carter,rowan.carter.00032@example.test,555-132-2184,"324 Pine Blvd, Omaha, NE 12656",HH-00016,669,Moderate,Loan application,loan_application,Data extraction,packages/LOAN-00032_CUST-00032/LOAN-00032_CUST-00032_loan_application.md
LOAN-00032,CUST-00032,Rowan Carter,rowan.carter.00032@example.test,555-132-2184,"324 Pine Blvd, Omaha, NE 12656",HH-00016,669,Moderate,Paystub,paystub,Income verification,packages/LOAN-00032_CUST-00032/LOAN-00032_CUST-00032_paystub.md
LOAN-00032,CUST-00032,Rowan Carter,rowan.carter.00032@example.test,555-132-2184,"324 Pine Blvd, Omaha, NE 12656",HH-00016,669,Moderate,Bank statements,bank_statement,Asset verification,packages/LOAN-00032_CUST-00032/LOAN-00032_CUST-00032_bank_statement.md
LOAN-00032,CUST-00032,Rowan Carter,rowan.carter.00032@example.test,555-132-2184,"324 Pine Blvd, Omaha, NE 12656",HH-00016,669,Moderate,W-2 or 1099 summary,w2_1099_summary,Income validation,packages/LOAN-00032_CUST-00032/LOAN-00032_CUST-00032_w2_1099_summary.md
LOAN-00032,CUST-00032,Rowan Carter,rowan.carter.00032@example.test,555-132-2184,"324 Pine Blvd, Omaha, NE 12656",HH-00016,669,Moderate,Tax return summary,tax_return_summary,Income validation,packages/LOAN-00032_CUST-00032/LOAN-00032_CUST-00032_tax_return_summary.md
LOAN-00032,CUST-00032,Rowan Carter,rowan.carter.00032@example.test,555-132-2184,"324 Pine Blvd, Omaha, NE 12656",HH-00016,669,Moderate,Purchase contract,purchase_contract,Property/loan validation,packages/LOAN-00032_CUST-00032/LOAN-00032_CUST-00032_purchase_contract.md
LOAN-00032,CUST-00032,Rowan Carter,rowan.carter.00032@example.test,555-132-2184,"324 Pine Blvd, Omaha, NE 12656",HH-00016,669,Moderate,Appraisal summary,appraisal_summary,Property valuation,packages/LOAN-00032_CUST-00032/LOAN-00032_CUST-00032_appraisal_summary.md
LOAN-00033,CUST-00033,Cameron Turner,cameron.turner.00033@example.test,555-133-2221,"331 Pine Ln, Richmond, VA 12739",HH-00017,670,Moderate,Loan application,loan_application,Data extraction,packages/LOAN-00033_CUST-00033/LOAN-00033_CUST-00033_loan_application.md
LOAN-00033,CUST-00033,Cameron Turner,cameron.turner.00033@example.test,555-133-2221,"331 Pine Ln, Richmond, VA 12739",HH-00017,670,Moderate,Paystub,paystub,Income verification,packages/LOAN-00033_CUST-00033/LOAN-00033_CUST-00033_paystub.md
LOAN-00033,CUST-00033,Cameron Turner,cameron.turner.00033@example.test,555-133-2221,"331 Pine Ln, Richmond, VA 12739",HH-00017,670,Moderate,Bank statements,bank_statement,Asset verification,packages/LOAN-00033_CUST-00033/LOAN-00033_CUST-00033_bank_statement.md
LOAN-00033,CUST-00033,Cameron Turner,cameron.turner.00033@example.test,555-133-2221,"331 Pine Ln, Richmond, VA 12739",HH-00017,670,Moderate,W-2 or 1099 summary,w2_1099_summary,Income validation,packages/LOAN-00033_CUST-00033/LOAN-00033_CUST-00033_w2_1099_summary.md
LOAN-00033,CUST-00033,Cameron Turner,cameron.turner.00033@example.test,555-133-2221,"331 Pine Ln, Richmond, VA 12739",HH-00017,670,Moderate,Tax return summary,tax_return_summary,Income validation,packages/LOAN-00033_CUST-00033/LOAN-00033_CUST-00033_tax_return_summary.md
LOAN-00033,CUST-00033,Cameron Turner,cameron.turner.00033@example.test,555-133-2221,"331 Pine Ln, Richmond, VA 12739",HH-00017,670,Moderate,Purchase contract,purchase_contract,Property/loan validation,packages/LOAN-00033_CUST-00033/LOAN-00033_CUST-00033_purchase_contract.md
LOAN-00033,CUST-00033,Cameron Turner,cameron.turner.00033@example.test,555-133-2221,"331 Pine Ln, Richmond, VA 12739",HH-00017,670,Moderate,Appraisal summary,appraisal_summary,Property valuation,packages/LOAN-00033_CUST-00033/LOAN-00033_CUST-00033_appraisal_summary.md
LOAN-00034,CUST-00034,Avery Carter,avery.carter.00034@example.test,555-134-2258,"338 Oak Blvd, Denver, CO 12822",HH-00017,671,Moderate,Loan application,loan_application,Data extraction,packages/LOAN-00034_CUST-00034/LOAN-00034_CUST-00034_loan_application.md
LOAN-00034,CUST-00034,Avery Carter,avery.carter.00034@example.test,555-134-2258,"338 Oak Blvd, Denver, CO 12822",HH-00017,671,Moderate,Paystub,paystub,Income verification,packages/LOAN-00034_CUST-00034/LOAN-00034_CUST-00034_paystub.md
LOAN-00034,CUST-00034,Avery Carter,avery.carter.00034@example.test,555-134-2258,"338 Oak Blvd, Denver, CO 12822",HH-00017,671,Moderate,Bank statements,bank_statement,Asset verification,packages/LOAN-00034_CUST-00034/LOAN-00034_CUST-00034_bank_statement.md
LOAN-00034,CUST-00034,Avery Carter,avery.carter.00034@example.test,555-134-2258,"338 Oak Blvd, Denver, CO 12822",HH-00017,671,Moderate,W-2 or 1099 summary,w2_1099_summary,Income validation,packages/LOAN-00034_CUST-00034/LOAN-00034_CUST-00034_w2_1099_summary.md
LOAN-00034,CUST-00034,Avery Carter,avery.carter.00034@example.test,555-134-2258,"338 Oak Blvd, Denver, CO 12822",HH-00017,671,Moderate,Tax return summary,tax_return_summary,Income validation,packages/LOAN-00034_CUST-00034/LOAN-00034_CUST-00034_tax_return_summary.md
LOAN-00034,CUST-00034,Avery Carter,avery.carter.00034@example.test,555-134-2258,"338 Oak Blvd, Denver, CO 12822",HH-00017,671,Moderate,Purchase contract,purchase_contract,Property/loan validation,packages/LOAN-00034_CUST-00034/LOAN-00034_CUST-00034_purchase_contract.md
LOAN-00034,CUST-00034,Avery Carter,avery.carter.00034@example.test,555-134-2258,"338 Oak Blvd, Denver, CO 12822",HH-00017,671,Moderate,Appraisal summary,appraisal_summary,Property valuation,packages/LOAN-00034_CUST-00034/LOAN-00034_CUST-00034_appraisal_summary.md
LOAN-00035,CUST-00035,Drew Patel,drew.patel.00035@example.test,555-135-2295,"345 Sunset St, Portland, OR 12905",HH-00018,672,Moderate,Loan application,loan_application,Data extraction,packages/LOAN-00035_CUST-00035/LOAN-00035_CUST-00035_loan_application.md
LOAN-00035,CUST-00035,Drew Patel,drew.patel.00035@example.test,555-135-2295,"345 Sunset St, Portland, OR 12905",HH-00018,672,Moderate,Paystub,paystub,Income verification,packages/LOAN-00035_CUST-00035/LOAN-00035_CUST-00035_paystub.md
LOAN-00035,CUST-00035,Drew Patel,drew.patel.00035@example.test,555-135-2295,"345 Sunset St, Portland, OR 12905",HH-00018,672,Moderate,Bank statements,bank_statement,Asset verification,packages/LOAN-00035_CUST-00035/LOAN-00035_CUST-00035_bank_statement.md
LOAN-00035,CUST-00035,Drew Patel,drew.patel.00035@example.test,555-135-2295,"345 Sunset St, Portland, OR 12905",HH-00018,672,Moderate,W-2 or 1099 summary,w2_1099_summary,Income validation,packages/LOAN-00035_CUST-00035/LOAN-00035_CUST-00035_w2_1099_summary.md
LOAN-00035,CUST-00035,Drew Patel,drew.patel.00035@example.test,555-135-2295,"345 Sunset St, Portland, OR 12905",HH-00018,672,Moderate,Tax return summary,tax_return_summary,Income validation,packages/LOAN-00035_CUST-00035/LOAN-00035_CUST-00035_tax_return_summary.md
LOAN-00035,CUST-00035,Drew Patel,drew.patel.00035@example.test,555-135-2295,"345 Sunset St, Portland, OR 12905",HH-00018,672,Moderate,Purchase contract,purchase_contract,Property/loan validation,packages/LOAN-00035_CUST-00035/LOAN-00035_CUST-00035_purchase_contract.md
LOAN-00035,CUST-00035,Drew Patel,drew.patel.00035@example.test,555-135-2295,"345 Sunset St, Portland, OR 12905",HH-00018,672,Moderate,Appraisal summary,appraisal_summary,Property valuation,packages/LOAN-00035_CUST-00035/LOAN-00035_CUST-00035_appraisal_summary.md
LOAN-00036,CUST-00036,Alex Bennett,alex.bennett.00036@example.test,555-136-2332,"352 Pine Blvd, Omaha, NE 12988",HH-00018,673,Moderate,Loan application,loan_application,Data extraction,packages/LOAN-00036_CUST-00036/LOAN-00036_CUST-00036_loan_application.md
LOAN-00036,CUST-00036,Alex Bennett,alex.bennett.00036@example.test,555-136-2332,"352 Pine Blvd, Omaha, NE 12988",HH-00018,673,Moderate,Paystub,paystub,Income verification,packages/LOAN-00036_CUST-00036/LOAN-00036_CUST-00036_paystub.md
LOAN-00036,CUST-00036,Alex Bennett,alex.bennett.00036@example.test,555-136-2332,"352 Pine Blvd, Omaha, NE 12988",HH-00018,673,Moderate,Bank statements,bank_statement,Asset verification,packages/LOAN-00036_CUST-00036/LOAN-00036_CUST-00036_bank_statement.md
LOAN-00036,CUST-00036,Alex Bennett,alex.bennett.00036@example.test,555-136-2332,"352 Pine Blvd, Omaha, NE 12988",HH-00018,673,Moderate,W-2 or 1099 summary,w2_1099_summary,Income validation,packages/LOAN-00036_CUST-00036/LOAN-00036_CUST-00036_w2_1099_summary.md
LOAN-00036,CUST-00036,Alex Bennett,alex.bennett.00036@example.test,555-136-2332,"352 Pine Blvd, Omaha, NE 12988",HH-00018,673,Moderate,Tax return summary,tax_return_summary,Income validation,packages/LOAN-00036_CUST-00036/LOAN-00036_CUST-00036_tax_return_summary.md
LOAN-00036,CUST-00036,Alex Bennett,alex.bennett.00036@example.test,555-136-2332,"352 Pine Blvd, Omaha, NE 12988",HH-00018,673,Moderate,Purchase contract,purchase_contract,Property/loan validation,packages/LOAN-00036_CUST-00036/LOAN-00036_CUST-00036_purchase_contract.md
LOAN-00036,CUST-00036,Alex Bennett,alex.bennett.00036@example.test,555-136-2332,"352 Pine Blvd, Omaha, NE 12988",HH-00018,673,Moderate,Appraisal summary,appraisal_summary,Property valuation,packages/LOAN-00036_CUST-00036/LOAN-00036_CUST-00036_appraisal_summary.md
LOAN-00037,CUST-00037,Blair Stone,blair.stone.00037@example.test,555-137-2369,"359 Union Rd, Madison, WI 13071",HH-00019,674,Moderate,Loan application,loan_application,Data extraction,packages/LOAN-00037_CUST-00037/LOAN-00037_CUST-00037_loan_application.md
LOAN-00037,CUST-00037,Blair Stone,blair.stone.00037@example.test,555-137-2369,"359 Union Rd, Madison, WI 13071",HH-00019,674,Moderate,Paystub,paystub,Income verification,packages/LOAN-00037_CUST-00037/LOAN-00037_CUST-00037_paystub.md
LOAN-00037,CUST-00037,Blair Stone,blair.stone.00037@example.test,555-137-2369,"359 Union Rd, Madison, WI 13071",HH-00019,674,Moderate,Bank statements,bank_statement,Asset verification,packages/LOAN-00037_CUST-00037/LOAN-00037_CUST-00037_bank_statement.md
LOAN-00037,CUST-00037,Blair Stone,blair.stone.00037@example.test,555-137-2369,"359 Union Rd, Madison, WI 13071",HH-00019,674,Moderate,W-2 or 1099 summary,w2_1099_summary,Income validation,packages/LOAN-00037_CUST-00037/LOAN-00037_CUST-00037_w2_1099_summary.md
LOAN-00037,CUST-00037,Blair Stone,blair.stone.00037@example.test,555-137-2369,"359 Union Rd, Madison, WI 13071",HH-00019,674,Moderate,Tax return summary,tax_return_summary,Income validation,packages/LOAN-00037_CUST-00037/LOAN-00037_CUST-00037_tax_return_summary.md
LOAN-00037,CUST-00037,Blair Stone,blair.stone.00037@example.test,555-137-2369,"359 Union Rd, Madison, WI 13071",HH-00019,674,Moderate,Purchase contract,purchase_contract,Property/loan validation,packages/LOAN-00037_CUST-00037/LOAN-00037_CUST-00037_purchase_contract.md
LOAN-00037,CUST-00037,Blair Stone,blair.stone.00037@example.test,555-137-2369,"359 Union Rd, Madison, WI 13071",HH-00019,674,Moderate,Appraisal summary,appraisal_summary,Property valuation,packages/LOAN-00037_CUST-00037/LOAN-00037_CUST-00037_appraisal_summary.md
LOAN-00038,CUST-00038,Alex Nguyen,alex.nguyen.00038@example.test,555-138-2406,"366 Pine Rd, Denver, CO 13154",HH-00019,675,Moderate,Loan application,loan_application,Data extraction,packages/LOAN-00038_CUST-00038/LOAN-00038_CUST-00038_loan_application.md
LOAN-00038,CUST-00038,Alex Nguyen,alex.nguyen.00038@example.test,555-138-2406,"366 Pine Rd, Denver, CO 13154",HH-00019,675,Moderate,Paystub,paystub,Income verification,packages/LOAN-00038_CUST-00038/LOAN-00038_CUST-00038_paystub.md
LOAN-00038,CUST-00038,Alex Nguyen,alex.nguyen.00038@example.test,555-138-2406,"366 Pine Rd, Denver, CO 13154",HH-00019,675,Moderate,Bank statements,bank_statement,Asset verification,packages/LOAN-00038_CUST-00038/LOAN-00038_CUST-00038_bank_statement.md
LOAN-00038,CUST-00038,Alex Nguyen,alex.nguyen.00038@example.test,555-138-2406,"366 Pine Rd, Denver, CO 13154",HH-00019,675,Moderate,W-2 or 1099 summary,w2_1099_summary,Income validation,packages/LOAN-00038_CUST-00038/LOAN-00038_CUST-00038_w2_1099_summary.md
LOAN-00038,CUST-00038,Alex Nguyen,alex.nguyen.00038@example.test,555-138-2406,"366 Pine Rd, Denver, CO 13154",HH-00019,675,Moderate,Tax return summary,tax_return_summary,Income validation,packages/LOAN-00038_CUST-00038/LOAN-00038_CUST-00038_tax_return_summary.md
LOAN-00038,CUST-00038,Alex Nguyen,alex.nguyen.00038@example.test,555-138-2406,"366 Pine Rd, Denver, CO 13154",HH-00019,675,Moderate,Purchase contract,purchase_contract,Property/loan validation,packages/LOAN-00038_CUST-00038/LOAN-00038_CUST-00038_purchase_contract.md
LOAN-00038,CUST-00038,Alex Nguyen,alex.nguyen.00038@example.test,555-138-2406,"366 Pine Rd, Denver, CO 13154",HH-00019,675,Moderate,Appraisal summary,appraisal_summary,Property valuation,packages/LOAN-00038_CUST-00038/LOAN-00038_CUST-00038_appraisal_summary.md
LOAN-00039,CUST-00039,Drew Usman,drew.usman.00039@example.test,555-139-2443,"373 Market Blvd, Omaha, NE 13237",HH-00020,676,Moderate,Loan application,loan_application,Data extraction,packages/LOAN-00039_CUST-00039/LOAN-00039_CUST-00039_loan_application.md
LOAN-00039,CUST-00039,Drew Usman,drew.usman.00039@example.test,555-139-2443,"373 Market Blvd, Omaha, NE 13237",HH-00020,676,Moderate,Paystub,paystub,Income verification,packages/LOAN-00039_CUST-00039/LOAN-00039_CUST-00039_paystub.md
LOAN-00039,CUST-00039,Drew Usman,drew.usman.00039@example.test,555-139-2443,"373 Market Blvd, Omaha, NE 13237",HH-00020,676,Moderate,Bank statements,bank_statement,Asset verification,packages/LOAN-00039_CUST-00039/LOAN-00039_CUST-00039_bank_statement.md
LOAN-00039,CUST-00039,Drew Usman,drew.usman.00039@example.test,555-139-2443,"373 Market Blvd, Omaha, NE 13237",HH-00020,676,Moderate,W-2 or 1099 summary,w2_1099_summary,Income validation,packages/LOAN-00039_CUST-00039/LOAN-00039_CUST-00039_w2_1099_summary.md
LOAN-00039,CUST-00039,Drew Usman,drew.usman.00039@example.test,555-139-2443,"373 Market Blvd, Omaha, NE 13237",HH-00020,676,Moderate,Tax return summary,tax_return_summary,Income validation,packages/LOAN-00039_CUST-00039/LOAN-00039_CUST-00039_tax_return_summary.md
LOAN-00039,CUST-00039,Drew Usman,drew.usman.00039@example.test,555-139-2443,"373 Market Blvd, Omaha, NE 13237",HH-00020,676,Moderate,Purchase contract,purchase_contract,Property/loan validation,packages/LOAN-00039_CUST-00039/LOAN-00039_CUST-00039_purchase_contract.md
LOAN-00039,CUST-00039,Drew Usman,drew.usman.00039@example.test,555-139-2443,"373 Market Blvd, Omaha, NE 13237",HH-00020,676,Moderate,Appraisal summary,appraisal_summary,Property valuation,packages/LOAN-00039_CUST-00039/LOAN-00039_CUST-00039_appraisal_summary.md
LOAN-00040,CUST-00040,Casey Hughes,casey.hughes.00040@example.test,555-140-2480,"380 Pine St, Austin, TX 13320",HH-00020,668,Moderate,Loan application,loan_application,Data extraction,packages/LOAN-00040_CUST-00040/LOAN-00040_CUST-00040_loan_application.md
LOAN-00040,CUST-00040,Casey Hughes,casey.hughes.00040@example.test,555-140-2480,"380 Pine St, Austin, TX 13320",HH-00020,668,Moderate,Paystub,paystub,Income verification,packages/LOAN-00040_CUST-00040/LOAN-00040_CUST-00040_paystub.md
LOAN-00040,CUST-00040,Casey Hughes,casey.hughes.00040@example.test,555-140-2480,"380 Pine St, Austin, TX 13320",HH-00020,668,Moderate,Bank statements,bank_statement,Asset verification,packages/LOAN-00040_CUST-00040/LOAN-00040_CUST-00040_bank_statement.md
LOAN-00040,CUST-00040,Casey Hughes,casey.hughes.00040@example.test,555-140-2480,"380 Pine St, Austin, TX 13320",HH-00020,668,Moderate,W-2 or 1099 summary,w2_1099_summary,Income validation,packages/LOAN-00040_CUST-00040/LOAN-00040_CUST-00040_w2_1099_summary.md
LOAN-00040,CUST-00040,Casey Hughes,casey.hughes.00040@example.test,555-140-2480,"380 Pine St, Austin, TX 13320",HH-00020,668,Moderate,Tax return summary,tax_return_summary,Income validation,packages/LOAN-00040_CUST-00040/LOAN-00040_CUST-00040_tax_return_summary.md
LOAN-00040,CUST-00040,Casey Hughes,casey.hughes.00040@example.test,555-140-2480,"380 Pine St, Austin, TX 13320",HH-00020,668,Moderate,Purchase contract,purchase_contract,Property/loan validation,packages/LOAN-00040_CUST-00040/LOAN-00040_CUST-00040_purchase_contract.md
LOAN-00040,CUST-00040,Casey Hughes,casey.hughes.00040@example.test,555-140-2480,"380 Pine St, Austin, TX 13320",HH-00020,668,Moderate,Appraisal summary,appraisal_summary,Property valuation,packages/LOAN-00040_CUST-00040/LOAN-00040_CUST-00040_appraisal_summary.md
LOAN-00041,CUST-00041,Alex Vega,alex.vega.00041@example.test,555-141-2517,"387 Lake Rd, Richmond, VA 13403",HH-00021,669,Moderate,Loan application,loan_application,Data extraction,packages/LOAN-00041_CUST-00041/LOAN-00041_CUST-00041_loan_application.md
LOAN-00041,CUST-00041,Alex Vega,alex.vega.00041@example.test,555-141-2517,"387 Lake Rd, Richmond, VA 13403",HH-00021,669,Moderate,Paystub,paystub,Income verification,packages/LOAN-00041_CUST-00041/LOAN-00041_CUST-00041_paystub.md
LOAN-00041,CUST-00041,Alex Vega,alex.vega.00041@example.test,555-141-2517,"387 Lake Rd, Richmond, VA 13403",HH-00021,669,Moderate,Bank statements,bank_statement,Asset verification,packages/LOAN-00041_CUST-00041/LOAN-00041_CUST-00041_bank_statement.md
LOAN-00041,CUST-00041,Alex Vega,alex.vega.00041@example.test,555-141-2517,"387 Lake Rd, Richmond, VA 13403",HH-00021,669,Moderate,W-2 or 1099 summary,w2_1099_summary,Income validation,packages/LOAN-00041_CUST-00041/LOAN-00041_CUST-00041_w2_1099_summary.md
LOAN-00041,CUST-00041,Alex Vega,alex.vega.00041@example.test,555-141-2517,"387 Lake Rd, Richmond, VA 13403",HH-00021,669,Moderate,Tax return summary,tax_return_summary,Income validation,packages/LOAN-00041_CUST-00041/LOAN-00041_CUST-00041_tax_return_summary.md
LOAN-00041,CUST-00041,Alex Vega,alex.vega.00041@example.test,555-141-2517,"387 Lake Rd, Richmond, VA 13403",HH-00021,669,Moderate,Purchase contract,purchase_contract,Property/loan validation,packages/LOAN-00041_CUST-00041/LOAN-00041_CUST-00041_purchase_contract.md
LOAN-00041,CUST-00041,Alex Vega,alex.vega.00041@example.test,555-141-2517,"387 Lake Rd, Richmond, VA 13403",HH-00021,669,Moderate,Appraisal summary,appraisal_summary,Property valuation,packages/LOAN-00041_CUST-00041/LOAN-00041_CUST-00041_appraisal_summary.md
LOAN-00042,CUST-00042,Rowan Morris,rowan.morris.00042@example.test,555-142-2554,"394 River Ln, Denver, CO 13486",HH-00021,670,Moderate,Loan application,loan_application,Data extraction,packages/LOAN-00042_CUST-00042/LOAN-00042_CUST-00042_loan_application.md
LOAN-00042,CUST-00042,Rowan Morris,rowan.morris.00042@example.test,555-142-2554,"394 River Ln, Denver, CO 13486",HH-00021,670,Moderate,Paystub,paystub,Income verification,packages/LOAN-00042_CUST-00042/LOAN-00042_CUST-00042_paystub.md
LOAN-00042,CUST-00042,Rowan Morris,rowan.morris.00042@example.test,555-142-2554,"394 River Ln, Denver, CO 13486",HH-00021,670,Moderate,Bank statements,bank_statement,Asset verification,packages/LOAN-00042_CUST-00042/LOAN-00042_CUST-00042_bank_statement.md
LOAN-00042,CUST-00042,Rowan Morris,rowan.morris.00042@example.test,555-142-2554,"394 River Ln, Denver, CO 13486",HH-00021,670,Moderate,W-2 or 1099 summary,w2_1099_summary,Income validation,packages/LOAN-00042_CUST-00042/LOAN-00042_CUST-00042_w2_1099_summary.md
LOAN-00042,CUST-00042,Rowan Morris,rowan.morris.00042@example.test,555-142-2554,"394 River Ln, Denver, CO 13486",HH-00021,670,Moderate,Tax return summary,tax_return_summary,Income validation,packages/LOAN-00042_CUST-00042/LOAN-00042_CUST-00042_tax_return_summary.md
LOAN-00042,CUST-00042,Rowan Morris,rowan.morris.00042@example.test,555-142-2554,"394 River Ln, Denver, CO 13486",HH-00021,670,Moderate,Purchase contract,purchase_contract,Property/loan validation,packages/LOAN-00042_CUST-00042/LOAN-00042_CUST-00042_purchase_contract.md
LOAN-00042,CUST-00042,Rowan Morris,rowan.morris.00042@example.test,555-142-2554,"394 River Ln, Denver, CO 13486",HH-00021,670,Moderate,Appraisal summary,appraisal_summary,Property valuation,packages/LOAN-00042_CUST-00042/LOAN-00042_CUST-00042_appraisal_summary.md
LOAN-00043,CUST-00043,Skyler Nguyen,skyler.nguyen.00043@example.test,555-143-2591,"401 Oak Rd, Richmond, VA 13569",HH-00022,671,Moderate,Loan application,loan_application,Data extraction,packages/LOAN-00043_CUST-00043/LOAN-00043_CUST-00043_loan_application.md
LOAN-00043,CUST-00043,Skyler Nguyen,skyler.nguyen.00043@example.test,555-143-2591,"401 Oak Rd, Richmond, VA 13569",HH-00022,671,Moderate,Paystub,paystub,Income verification,packages/LOAN-00043_CUST-00043/LOAN-00043_CUST-00043_paystub.md
LOAN-00043,CUST-00043,Skyler Nguyen,skyler.nguyen.00043@example.test,555-143-2591,"401 Oak Rd, Richmond, VA 13569",HH-00022,671,Moderate,Bank statements,bank_statement,Asset verification,packages/LOAN-00043_CUST-00043/LOAN-00043_CUST-00043_bank_statement.md
LOAN-00043,CUST-00043,Skyler Nguyen,skyler.nguyen.00043@example.test,555-143-2591,"401 Oak Rd, Richmond, VA 13569",HH-00022,671,Moderate,W-2 or 1099 summary,w2_1099_summary,Income validation,packages/LOAN-00043_CUST-00043/LOAN-00043_CUST-00043_w2_1099_summary.md
LOAN-00043,CUST-00043,Skyler Nguyen,skyler.nguyen.00043@example.test,555-143-2591,"401 Oak Rd, Richmond, VA 13569",HH-00022,671,Moderate,Tax return summary,tax_return_summary,Income validation,packages/LOAN-00043_CUST-00043/LOAN-00043_CUST-00043_tax_return_summary.md
LOAN-00043,CUST-00043,Skyler Nguyen,skyler.nguyen.00043@example.test,555-143-2591,"401 Oak Rd, Richmond, VA 13569",HH-00022,671,Moderate,Purchase contract,purchase_contract,Property/loan validation,packages/LOAN-00043_CUST-00043/LOAN-00043_CUST-00043_purchase_contract.md
LOAN-00043,CUST-00043,Skyler Nguyen,skyler.nguyen.00043@example.test,555-143-2591,"401 Oak Rd, Richmond, VA 13569",HH-00022,671,Moderate,Appraisal summary,appraisal_summary,Property valuation,packages/LOAN-00043_CUST-00043/LOAN-00043_CUST-00043_appraisal_summary.md
LOAN-00044,CUST-00044,Drew Young,drew.young.00044@example.test,555-144-2628,"408 Oak Ln, Boise, ID 13652",HH-00022,672,Moderate,Loan application,loan_application,Data extraction,packages/LOAN-00044_CUST-00044/LOAN-00044_CUST-00044_loan_application.md
LOAN-00044,CUST-00044,Drew Young,drew.young.00044@example.test,555-144-2628,"408 Oak Ln, Boise, ID 13652",HH-00022,672,Moderate,Paystub,paystub,Income verification,packages/LOAN-00044_CUST-00044/LOAN-00044_CUST-00044_paystub.md
LOAN-00044,CUST-00044,Drew Young,drew.young.00044@example.test,555-144-2628,"408 Oak Ln, Boise, ID 13652",HH-00022,672,Moderate,Bank statements,bank_statement,Asset verification,packages/LOAN-00044_CUST-00044/LOAN-00044_CUST-00044_bank_statement.md
LOAN-00044,CUST-00044,Drew Young,drew.young.00044@example.test,555-144-2628,"408 Oak Ln, Boise, ID 13652",HH-00022,672,Moderate,W-2 or 1099 summary,w2_1099_summary,Income validation,packages/LOAN-00044_CUST-00044/LOAN-00044_CUST-00044_w2_1099_summary.md
LOAN-00044,CUST-00044,Drew Young,drew.young.00044@example.test,555-144-2628,"408 Oak Ln, Boise, ID 13652",HH-00022,672,Moderate,Tax return summary,tax_return_summary,Income validation,packages/LOAN-00044_CUST-00044/LOAN-00044_CUST-00044_tax_return_summary.md
LOAN-00044,CUST-00044,Drew Young,drew.young.00044@example.test,555-144-2628,"408 Oak Ln, Boise, ID 13652",HH-00022,672,Moderate,Purchase contract,purchase_contract,Property/loan validation,packages/LOAN-00044_CUST-00044/LOAN-00044_CUST-00044_purchase_contract.md
LOAN-00044,CUST-00044,Drew Young,drew.young.00044@example.test,555-144-2628,"408 Oak Ln, Boise, ID 13652",HH-00022,672,Moderate,Appraisal summary,appraisal_summary,Property valuation,packages/LOAN-00044_CUST-00044/LOAN-00044_CUST-00044_appraisal_summary.md
LOAN-00045,CUST-00045,Sage Reed,sage.reed.00045@example.test,555-145-2665,"415 Hill St, Richmond, VA 13735",HH-00023,673,Moderate,Loan application,loan_application,Data extraction,packages/LOAN-00045_CUST-00045/LOAN-00045_CUST-00045_loan_application.md
LOAN-00045,CUST-00045,Sage Reed,sage.reed.00045@example.test,555-145-2665,"415 Hill St, Richmond, VA 13735",HH-00023,673,Moderate,Paystub,paystub,Income verification,packages/LOAN-00045_CUST-00045/LOAN-00045_CUST-00045_paystub.md
LOAN-00045,CUST-00045,Sage Reed,sage.reed.00045@example.test,555-145-2665,"415 Hill St, Richmond, VA 13735",HH-00023,673,Moderate,Bank statements,bank_statement,Asset verification,packages/LOAN-00045_CUST-00045/LOAN-00045_CUST-00045_bank_statement.md
LOAN-00045,CUST-00045,Sage Reed,sage.reed.00045@example.test,555-145-2665,"415 Hill St, Richmond, VA 13735",HH-00023,673,Moderate,W-2 or 1099 summary,w2_1099_summary,Income validation,packages/LOAN-00045_CUST-00045/LOAN-00045_CUST-00045_w2_1099_summary.md
LOAN-00045,CUST-00045,Sage Reed,sage.reed.00045@example.test,555-145-2665,"415 Hill St, Richmond, VA 13735",HH-00023,673,Moderate,Tax return summary,tax_return_summary,Income validation,packages/LOAN-00045_CUST-00045/LOAN-00045_CUST-00045_tax_return_summary.md
LOAN-00045,CUST-00045,Sage Reed,sage.reed.00045@example.test,555-145-2665,"415 Hill St, Richmond, VA 13735",HH-00023,673,Moderate,Purchase contract,purchase_contract,Property/loan validation,packages/LOAN-00045_CUST-00045/LOAN-00045_CUST-00045_purchase_contract.md
LOAN-00045,CUST-00045,Sage Reed,sage.reed.00045@example.test,555-145-2665,"415 Hill St, Richmond, VA 13735",HH-00023,673,Moderate,Appraisal summary,appraisal_summary,Property valuation,packages/LOAN-00045_CUST-00045/LOAN-00045_CUST-00045_appraisal_summary.md
LOAN-00046,CUST-00046,Tatum Patel,tatum.patel.00046@example.test,555-146-2702,"422 Pine St, Madison, WI 13818",HH-00023,674,Moderate,Loan application,loan_application,Data extraction,packages/LOAN-00046_CUST-00046/LOAN-00046_CUST-00046_loan_application.md
LOAN-00046,CUST-00046,Tatum Patel,tatum.patel.00046@example.test,555-146-2702,"422 Pine St, Madison, WI 13818",HH-00023,674,Moderate,Paystub,paystub,Income verification,packages/LOAN-00046_CUST-00046/LOAN-00046_CUST-00046_paystub.md
LOAN-00046,CUST-00046,Tatum Patel,tatum.patel.00046@example.test,555-146-2702,"422 Pine St, Madison, WI 13818",HH-00023,674,Moderate,Bank statements,bank_statement,Asset verification,packages/LOAN-00046_CUST-00046/LOAN-00046_CUST-00046_bank_statement.md
LOAN-00046,CUST-00046,Tatum Patel,tatum.patel.00046@example.test,555-146-2702,"422 Pine St, Madison, WI 13818",HH-00023,674,Moderate,W-2 or 1099 summary,w2_1099_summary,Income validation,packages/LOAN-00046_CUST-00046/LOAN-00046_CUST-00046_w2_1099_summary.md
LOAN-00046,CUST-00046,Tatum Patel,tatum.patel.00046@example.test,555-146-2702,"422 Pine St, Madison, WI 13818",HH-00023,674,Moderate,Tax return summary,tax_return_summary,Income validation,packages/LOAN-00046_CUST-00046/LOAN-00046_CUST-00046_tax_return_summary.md
LOAN-00046,CUST-00046,Tatum Patel,tatum.patel.00046@example.test,555-146-2702,"422 Pine St, Madison, WI 13818",HH-00023,674,Moderate,Purchase contract,purchase_contract,Property/loan validation,packages/LOAN-00046_CUST-00046/LOAN-00046_CUST-00046_purchase_contract.md
LOAN-00046,CUST-00046,Tatum Patel,tatum.patel.00046@example.test,555-146-2702,"422 Pine St, Madison, WI 13818",HH-00023,674,Moderate,Appraisal summary,appraisal_summary,Property valuation,packages/LOAN-00046_CUST-00046/LOAN-00046_CUST-00046_appraisal_summary.md
LOAN-00047,CUST-00047,Sage Nguyen,sage.nguyen.00047@example.test,555-147-2739,"429 Pine Rd, Omaha, NE 13901",HH-00024,675,Moderate,Loan application,loan_application,Data extraction,packages/LOAN-00047_CUST-00047/LOAN-00047_CUST-00047_loan_application.md
LOAN-00047,CUST-00047,Sage Nguyen,sage.nguyen.00047@example.test,555-147-2739,"429 Pine Rd, Omaha, NE 13901",HH-00024,675,Moderate,Paystub,paystub,Income verification,packages/LOAN-00047_CUST-00047/LOAN-00047_CUST-00047_paystub.md
LOAN-00047,CUST-00047,Sage Nguyen,sage.nguyen.00047@example.test,555-147-2739,"429 Pine Rd, Omaha, NE 13901",HH-00024,675,Moderate,Bank statements,bank_statement,Asset verification,packages/LOAN-00047_CUST-00047/LOAN-00047_CUST-00047_bank_statement.md
LOAN-00047,CUST-00047,Sage Nguyen,sage.nguyen.00047@example.test,555-147-2739,"429 Pine Rd, Omaha, NE 13901",HH-00024,675,Moderate,W-2 or 1099 summary,w2_1099_summary,Income validation,packages/LOAN-00047_CUST-00047/LOAN-00047_CUST-00047_w2_1099_summary.md
LOAN-00047,CUST-00047,Sage Nguyen,sage.nguyen.00047@example.test,555-147-2739,"429 Pine Rd, Omaha, NE 13901",HH-00024,675,Moderate,Tax return summary,tax_return_summary,Income validation,packages/LOAN-00047_CUST-00047/LOAN-00047_CUST-00047_tax_return_summary.md
LOAN-00047,CUST-00047,Sage Nguyen,sage.nguyen.00047@example.test,555-147-2739,"429 Pine Rd, Omaha, NE 13901",HH-00024,675,Moderate,Purchase contract,purchase_contract,Property/loan validation,packages/LOAN-00047_CUST-00047/LOAN-00047_CUST-00047_purchase_contract.md
LOAN-00047,CUST-00047,Sage Nguyen,sage.nguyen.00047@example.test,555-147-2739,"429 Pine Rd, Omaha, NE 13901",HH-00024,675,Moderate,Appraisal summary,appraisal_summary,Property valuation,packages/LOAN-00047_CUST-00047/LOAN-00047_CUST-00047_appraisal_summary.md
LOAN-00048,CUST-00048,Parker Xu,parker.xu.00048@example.test,555-148-2776,"436 River Rd, Raleigh, NC 13984",HH-00024,676,Moderate,Loan application,loan_application,Data extraction,packages/LOAN-00048_CUST-00048/LOAN-00048_CUST-00048_loan_application.md
LOAN-00048,CUST-00048,Parker Xu,parker.xu.00048@example.test,555-148-2776,"436 River Rd, Raleigh, NC 13984",HH-00024,676,Moderate,Paystub,paystub,Income verification,packages/LOAN-00048_CUST-00048/LOAN-00048_CUST-00048_paystub.md
LOAN-00048,CUST-00048,Parker Xu,parker.xu.00048@example.test,555-148-2776,"436 River Rd, Raleigh, NC 13984",HH-00024,676,Moderate,Bank statements,bank_statement,Asset verification,packages/LOAN-00048_CUST-00048/LOAN-00048_CUST-00048_bank_statement.md
LOAN-00048,CUST-00048,Parker Xu,parker.xu.00048@example.test,555-148-2776,"436 River Rd, Raleigh, NC 13984",HH-00024,676,Moderate,W-2 or 1099 summary,w2_1099_summary,Income validation,packages/LOAN-00048_CUST-00048/LOAN-00048_CUST-00048_w2_1099_summary.md
LOAN-00048,CUST-00048,Parker Xu,parker.xu.00048@example.test,555-148-2776,"436 River Rd, Raleigh, NC 13984",HH-00024,676,Moderate,Tax return summary,tax_return_summary,Income validation,packages/LOAN-00048_CUST-00048/LOAN-00048_CUST-00048_tax_return_summary.md
LOAN-00048,CUST-00048,Parker Xu,parker.xu.00048@example.test,555-148-2776,"436 River Rd, Raleigh, NC 13984",HH-00024,676,Moderate,Purchase contract,purchase_contract,Property/loan validation,packages/LOAN-00048_CUST-00048/LOAN-00048_CUST-00048_purchase_contract.md
LOAN-00048,CUST-00048,Parker Xu,parker.xu.00048@example.test,555-148-2776,"436 River Rd, Raleigh, NC 13984",HH-00024,676,Moderate,Appraisal summary,appraisal_summary,Property valuation,packages/LOAN-00048_CUST-00048/LOAN-00048_CUST-00048_appraisal_summary.md
LOAN-00049,CUST-00049,Jamie Hughes,jamie.hughes.00049@example.test,555-149-2813,"443 Maple Blvd, Denver, CO 14067",HH-00025,677,Moderate,Loan application,loan_application,Data extraction,packages/LOAN-00049_CUST-00049/LOAN-00049_CUST-00049_loan_application.md
LOAN-00049,CUST-00049,Jamie Hughes,jamie.hughes.00049@example.test,555-149-2813,"443 Maple Blvd, Denver, CO 14067",HH-00025,677,Moderate,Paystub,paystub,Income verification,packages/LOAN-00049_CUST-00049/LOAN-00049_CUST-00049_paystub.md
LOAN-00049,CUST-00049,Jamie Hughes,jamie.hughes.00049@example.test,555-149-2813,"443 Maple Blvd, Denver, CO 14067",HH-00025,677,Moderate,Bank statements,bank_statement,Asset verification,packages/LOAN-00049_CUST-00049/LOAN-00049_CUST-00049_bank_statement.md
LOAN-00049,CUST-00049,Jamie Hughes,jamie.hughes.00049@example.test,555-149-2813,"443 Maple Blvd, Denver, CO 14067",HH-00025,677,Moderate,W-2 or 1099 summary,w2_1099_summary,Income validation,packages/LOAN-00049_CUST-00049/LOAN-00049_CUST-00049_w2_1099_summary.md
LOAN-00049,CUST-00049,Jamie Hughes,jamie.hughes.00049@example.test,555-149-2813,"443 Maple Blvd, Denver, CO 14067",HH-00025,677,Moderate,Tax return summary,tax_return_summary,Income validation,packages/LOAN-00049_CUST-00049/LOAN-00049_CUST-00049_tax_return_summary.md
LOAN-00049,CUST-00049,Jamie Hughes,jamie.hughes.00049@example.test,555-149-2813,"443 Maple Blvd, Denver, CO 14067",HH-00025,677,Moderate,Purchase contract,purchase_contract,Property/loan validation,packages/LOAN-00049_CUST-00049/LOAN-00049_CUST-00049_purchase_contract.md
LOAN-00049,CUST-00049,Jamie Hughes,jamie.hughes.00049@example.test,555-149-2813,"443 Maple Blvd, Denver, CO 14067",HH-00025,677,Moderate,Appraisal summary,appraisal_summary,Property valuation,packages/LOAN-00049_CUST-00049/LOAN-00049_CUST-00049_appraisal_summary.md
LOAN-00050,CUST-00050,Rowan Patel,rowan.patel.00050@example.test,555-150-2850,"450 Cedar Ln, Raleigh, NC 14150",HH-00025,669,Moderate,Loan application,loan_application,Data extraction,packages/LOAN-00050_CUST-00050/LOAN-00050_CUST-00050_loan_application.md
LOAN-00050,CUST-00050,Rowan Patel,rowan.patel.00050@example.test,555-150-2850,"450 Cedar Ln, Raleigh, NC 14150",HH-00025,669,Moderate,Paystub,paystub,Income verification,packages/LOAN-00050_CUST-00050/LOAN-00050_CUST-00050_paystub.md
LOAN-00050,CUST-00050,Rowan Patel,rowan.patel.00050@example.test,555-150-2850,"450 Cedar Ln, Raleigh, NC 14150",HH-00025,669,Moderate,Bank statements,bank_statement,Asset verification,packages/LOAN-00050_CUST-00050/LOAN-00050_CUST-00050_bank_statement.md
LOAN-00050,CUST-00050,Rowan Patel,rowan.patel.00050@example.test,555-150-2850,"450 Cedar Ln, Raleigh, NC 14150",HH-00025,669,Moderate,W-2 or 1099 summary,w2_1099_summary,Income validation,packages/LOAN-00050_CUST-00050/LOAN-00050_CUST-00050_w2_1099_summary.md
LOAN-00050,CUST-00050,Rowan Patel,rowan.patel.00050@example.test,555-150-2850,"450 Cedar Ln, Raleigh, NC 14150",HH-00025,669,Moderate,Tax return summary,tax_return_summary,Income validation,packages/LOAN-00050_CUST-00050/LOAN-00050_CUST-00050_tax_return_summary.md
LOAN-00050,CUST-00050,Rowan Patel,rowan.patel.00050@example.test,555-150-2850,"450 Cedar Ln, Raleigh, NC 14150",HH-00025,669,Moderate,Purchase contract,purchase_contract,Property/loan validation,packages/LOAN-00050_CUST-00050/LOAN-00050_CUST-00050_purchase_contract.md
LOAN-00050,CUST-00050,Rowan Patel,rowan.patel.00050@example.test,555-150-2850,"450 Cedar Ln, Raleigh, NC 14150",HH-00025,669,Moderate,Appraisal summary,appraisal_summary,Property valuation,packages/LOAN-00050_CUST-00050/LOAN-00050_CUST-00050_appraisal_summary.md
