account_id,customer_id,account_type,masked_account_number,open_date,status,current_balance,available_balance,credit_limit,apr,branch_code,synthetic_notice
ACCT-000001,CUST-00001,Savings,****1029,2022-08-07,Open,16540.04,16382.95,,,BR-002,Synthetic test account
ACCT-000002,CUST-00002,Credit Card,****1058,2026-04-04,Open,-48.41,-110.29,9874.61,12.57,BR-003,Synthetic test account
ACCT-000003,CUST-00003,Auto Loan,****1087,2024-01-14,Open,40705.97,,,15.77,BR-004,Synthetic test account
ACCT-000004,CUST-00004,Personal Loan,****1116,2025-01-03,Open,36549.48,,,12.04,BR-005,Synthetic test account
ACCT-000005,CUST-00005,Money Market,****1145,2025-01-05,Open,22220.79,22006.42,,,BR-006,Synthetic test account
ACCT-000006,CUST-00006,Checking,****1174,2026-04-11,Open,5762.09,5571.71,,,BR-007,Synthetic test account
ACCT-000007,CUST-00007,Savings,****1203,2025-05-13,Open,18091.12,17920.75,,,BR-008,Synthetic test account
ACCT-000008,CUST-00008,Credit Card,****1232,2019-05-20,Open,3232.51,3070.59,5428.42,16.8,BR-009,Synthetic test account
ACCT-000009,CUST-00009,Auto Loan,****1261,2020-11-04,Open,8981.95,,,10.56,BR-010,Synthetic test account
ACCT-000010,CUST-00010,Personal Loan,****1290,2023-09-22,Open,25527.05,,,14.15,BR-011,Synthetic test account
ACCT-000011,CUST-00011,Money Market,****1319,2025-01-20,Open,19695.55,19602.14,,,BR-012,Synthetic test account
ACCT-000012,CUST-00012,Checking,****1348,2022-03-06,Open,23441,23438.67,,,BR-013,Synthetic test account
ACCT-000013,CUST-00013,Savings,****1377,2025-03-22,Open,21983.93,21860.6,,,BR-014,Synthetic test account
ACCT-000014,CUST-00014,Credit Card,****1406,2025-07-05,Open,2664.33,2428.99,14894.83,13.95,BR-015,Synthetic test account
ACCT-000015,CUST-00015,Auto Loan,****1435,2019-05-22,Open,27041.09,,,12.72,BR-016,Synthetic test account
ACCT-000016,CUST-00016,Personal Loan,****1464,2021-08-13,Open,29150.37,,,9.63,BR-017,Synthetic test account
ACCT-000017,CUST-00017,Checking,****1493,2021-04-24,Open,5657.31,5615.38,,,BR-018,Synthetic test account
ACCT-000018,CUST-00018,Savings,****1522,2021-06-20,Open,16720.48,16530.27,,,BR-019,Synthetic test account
ACCT-000019,CUST-00019,Credit Card,****1551,2025-05-13,Open,3979.45,3711.83,11729.6,19.04,BR-020,Synthetic test account
ACCT-000020,CUST-00020,Auto Loan,****1580,2023-08-29,Open,39321.14,,,7.51,BR-021,Synthetic test account
ACCT-000021,CUST-00021,Personal Loan,****1609,2019-06-06,Open,2176.65,,,12.81,BR-022,Synthetic test account
ACCT-000022,CUST-00022,Money Market,****1638,2021-01-15,Open,7828.27,7696.98,,,BR-023,Synthetic test account
ACCT-000023,CUST-00023,Checking,****1667,2021-01-20,Dormant,15097.14,14840.04,,,BR-024,Synthetic test account
ACCT-000024,CUST-00024,Savings,****1696,2024-06-26,Open,20828.09,20803.69,,,BR-025,Synthetic test account
ACCT-000025,CUST-00025,Credit Card,****1725,2021-08-19,Open,-467.24,-693.33,6477,19.03,BR-026,Synthetic test account
ACCT-000026,CUST-00026,Auto Loan,****1754,2021-12-13,Open,16047.46,,,9.36,BR-027,Synthetic test account
ACCT-000027,CUST-00027,Personal Loan,****1783,2025-09-15,Open,8920.58,,,19.83,BR-028,Synthetic test account
ACCT-000028,CUST-00028,Money Market,****1812,2021-12-26,Open,2204.48,1953.45,,,BR-029,Synthetic test account
ACCT-000029,CUST-00029,Checking,****1841,2020-10-17,Open,3978.36,3787.29,,,BR-030,Synthetic test account
ACCT-000030,CUST-00030,Savings,****1870,2024-03-18,Open,1720.67,1537.55,,,BR-031,Synthetic test account
ACCT-000031,CUST-00031,Credit Card,****1899,2024-11-13,Open,463.47,365.86,7407.51,10.02,BR-032,Synthetic test account
ACCT-000032,CUST-00032,Auto Loan,****1928,2024-05-21,Open,9501.78,,,16.17,BR-001,Synthetic test account
ACCT-000033,CUST-00033,Personal Loan,****1957,2023-04-08,Open,32073.73,,,19.2,BR-002,Synthetic test account
ACCT-000034,CUST-00034,Checking,****1986,2023-12-22,Open,23466.64,23379.54,,,BR-003,Synthetic test account
ACCT-000035,CUST-00035,Savings,****2015,2025-10-08,Open,19767.17,19669.17,,,BR-004,Synthetic test account
ACCT-000036,CUST-00036,Credit Card,****2044,2024-07-07,Open,2632.54,2349.39,11106.28,20.44,BR-005,Synthetic test account
ACCT-000037,CUST-00037,Auto Loan,****2073,2019-12-16,Open,29258.65,,,19.2,BR-006,Synthetic test account
ACCT-000038,CUST-00038,Personal Loan,****2102,2021-05-26,Open,39954.11,,,16.06,BR-007,Synthetic test account
ACCT-000039,CUST-00039,Money Market,****2131,2024-11-07,Open,10408.49,10270.16,,,BR-008,Synthetic test account
ACCT-000040,CUST-00040,Checking,****2160,2020-09-03,Open,6468.18,6461.79,,,BR-009,Synthetic test account
ACCT-000041,CUST-00041,Savings,****2189,2022-09-30,Open,16602.72,16504.52,,,BR-010,Synthetic test account
ACCT-000042,CUST-00042,Credit Card,****2218,2020-09-14,Open,8.28,-98.79,9690.77,10.84,BR-011,Synthetic test account
ACCT-000043,CUST-00043,Auto Loan,****2247,2022-05-29,Open,9696.33,,,14.67,BR-012,Synthetic test account
ACCT-000044,CUST-00044,Personal Loan,****2276,2025-07-14,Open,1831.88,,,22.38,BR-013,Synthetic test account
ACCT-000045,CUST-00045,Money Market,****2305,2019-11-12,Open,13724.71,13496.62,,,BR-014,Synthetic test account
ACCT-000046,CUST-00046,Checking,****2334,2022-10-04,Dormant,20383.93,20168.47,,,BR-015,Synthetic test account
ACCT-000047,CUST-00047,Savings,****2363,2024-10-30,Restricted,15369.66,15230.63,,,BR-016,Synthetic test account
ACCT-000048,CUST-00048,Credit Card,****2392,2021-07-05,Open,2214.44,2014.18,5332.77,19.73,BR-017,Synthetic test account
ACCT-000049,CUST-00049,Auto Loan,****2421,2023-12-05,Open,25289.78,,,19.4,BR-018,Synthetic test account
ACCT-000050,CUST-00050,Personal Loan,****2450,2020-03-19,Open,8101.89,,,17.19,BR-019,Synthetic test account
ACCT-000051,CUST-00051,Checking,****2479,2022-09-22,Open,3851.62,3579.99,,,BR-020,Synthetic test account
ACCT-000052,CUST-00052,Savings,****2508,2021-08-26,Open,13628.14,13604.32,,,BR-021,Synthetic test account
ACCT-000053,CUST-00053,Credit Card,****2537,2020-06-20,Open,4671.52,4564.25,3080.68,6.77,BR-022,Synthetic test account
ACCT-000054,CUST-00054,Auto Loan,****2566,2021-10-08,Open,40118.73,,,10.97,BR-023,Synthetic test account
ACCT-000055,CUST-00055,Personal Loan,****2595,2020-10-30,Open,34898.54,,,15.31,BR-024,Synthetic test account
ACCT-000056,CUST-00056,Money Market,****2624,2024-04-17,Open,1798.15,1659.98,,,BR-025,Synthetic test account
ACCT-000057,CUST-00057,Checking,****2653,2025-04-15,Open,9629.23,9363.21,,,BR-026,Synthetic test account
ACCT-000058,CUST-00058,Savings,****2682,2025-10-07,Open,23919.42,23774.45,,,BR-027,Synthetic test account
ACCT-000059,CUST-00059,Credit Card,****2711,2020-01-10,Open,775.15,752.48,12088.99,11.84,BR-028,Synthetic test account
ACCT-000060,CUST-00060,Auto Loan,****2740,2025-10-27,Open,4368.84,,,11.14,BR-029,Synthetic test account
ACCT-000061,CUST-00061,Personal Loan,****2769,2026-04-16,Open,29382.46,,,16.22,BR-030,Synthetic test account
ACCT-000062,CUST-00062,Money Market,****2798,2024-01-31,Open,8808.92,8731.69,,,BR-031,Synthetic test account
ACCT-000063,CUST-00063,Checking,****2827,2026-03-03,Open,8126.07,7877.93,,,BR-032,Synthetic test account
ACCT-000064,CUST-00064,Savings,****2856,2021-05-26,Open,17990.31,17769.08,,,BR-001,Synthetic test account
ACCT-000065,CUST-00065,Credit Card,****2885,2021-06-13,Open,685.49,668.22,14088.62,16.87,BR-002,Synthetic test account
ACCT-000066,CUST-00066,Auto Loan,****2914,2021-01-18,Open,15117.54,,,19.94,BR-003,Synthetic test account
ACCT-000067,CUST-00067,Personal Loan,****2943,2026-04-02,Open,28775.23,,,12.18,BR-004,Synthetic test account
ACCT-000068,CUST-00068,Checking,****2972,2020-12-03,Open,23877.68,23659.6,,,BR-005,Synthetic test account
ACCT-000069,CUST-00069,Savings,****3001,2023-07-02,Dormant,12424.29,12215.52,,,BR-006,Synthetic test account
ACCT-000070,CUST-00070,Credit Card,****3030,2021-11-30,Open,5767.92,5734.74,8774.69,19.16,BR-007,Synthetic test account
ACCT-000071,CUST-00071,Auto Loan,****3059,2022-04-29,Open,25724.35,,,9.17,BR-008,Synthetic test account
ACCT-000072,CUST-00072,Personal Loan,****3088,2022-02-04,Open,36124.65,,,10.92,BR-009,Synthetic test account
ACCT-000073,CUST-00073,Money Market,****3117,2020-12-04,Open,12110.81,11872.41,,,BR-010,Synthetic test account
ACCT-000074,CUST-00074,Checking,****3146,2020-09-29,Open,17492.8,17339.72,,,BR-011,Synthetic test account
ACCT-000075,CUST-00075,Savings,****3175,2019-06-13,Open,10531.98,10530.67,,,BR-012,Synthetic test account
ACCT-000076,CUST-00076,Credit Card,****3204,2025-05-05,Open,4840.06,4810.29,14603.9,19.09,BR-013,Synthetic test account
ACCT-000077,CUST-00077,Auto Loan,****3233,2025-02-11,Open,17983.51,,,12.34,BR-014,Synthetic test account
ACCT-000078,CUST-00078,Personal Loan,****3262,2020-01-01,Open,19665.19,,,21.65,BR-015,Synthetic test account
ACCT-000079,CUST-00079,Money Market,****3291,2023-03-09,Open,13441.4,13274.54,,,BR-016,Synthetic test account
ACCT-000080,CUST-00080,Checking,****3320,2025-01-30,Open,3991.98,3929.13,,,BR-017,Synthetic test account
ACCT-000081,CUST-00081,Savings,****3349,2026-03-16,Open,6417.18,6305.26,,,BR-018,Synthetic test account
ACCT-000082,CUST-00082,Credit Card,****3378,2026-03-28,Open,70.17,-119.71,13811.55,10.1,BR-019,Synthetic test account
ACCT-000083,CUST-00083,Auto Loan,****3407,2025-09-15,Open,41374.34,,,13.53,BR-020,Synthetic test account
ACCT-000084,CUST-00084,Personal Loan,****3436,2024-05-30,Open,9637.52,,,14,BR-021,Synthetic test account
ACCT-000085,CUST-00085,Checking,****3465,2025-09-25,Open,409.77,209.75,,,BR-022,Synthetic test account
ACCT-000086,CUST-00086,Savings,****3494,2024-05-03,Open,12368.27,12133.14,,,BR-023,Synthetic test account
ACCT-000087,CUST-00087,Credit Card,****3523,2025-08-31,Open,467.94,434.32,7058.74,22.59,BR-024,Synthetic test account
ACCT-000088,CUST-00088,Auto Loan,****3552,2021-12-13,Open,28600.19,,,19.47,BR-025,Synthetic test account
ACCT-000089,CUST-00089,Personal Loan,****3581,2023-12-22,Open,35486.1,,,16.95,BR-026,Synthetic test account
ACCT-000090,CUST-00090,Money Market,****3610,2021-10-04,Open,22390.65,22108.02,,,BR-027,Synthetic test account
ACCT-000091,CUST-00091,Checking,****3639,2025-07-11,Open,10222.44,10175.87,,,BR-028,Synthetic test account
ACCT-000092,CUST-00092,Savings,****3668,2020-10-07,Dormant,21952.97,21901.02,,,BR-029,Synthetic test account
ACCT-000093,CUST-00093,Credit Card,****3697,2025-07-18,Open,885.05,823.74,11537.36,12.46,BR-030,Synthetic test account
ACCT-000094,CUST-00094,Auto Loan,****3726,2021-10-13,Restricted,17392.01,,,17.08,BR-031,Synthetic test account
ACCT-000095,CUST-00095,Personal Loan,****3755,2023-02-10,Open,36575.98,,,17.57,BR-032,Synthetic test account
ACCT-000096,CUST-00096,Money Market,****3784,2023-09-25,Open,2138.05,1865.14,,,BR-001,Synthetic test account
ACCT-000097,CUST-00097,Checking,****3813,2021-03-05,Open,20405.92,20259.53,,,BR-002,Synthetic test account
ACCT-000098,CUST-00098,Savings,****3842,2021-06-13,Open,8529.53,8461.03,,,BR-003,Synthetic test account
ACCT-000099,CUST-00099,Credit Card,****3871,2025-05-27,Open,3592.47,3492.49,11738.2,10.28,BR-004,Synthetic test account
ACCT-000100,CUST-00100,Auto Loan,****3900,2023-03-08,Open,19641.55,,,11.78,BR-005,Synthetic test account
ACCT-000101,CUST-00101,Personal Loan,****3929,2025-11-04,Open,13395.45,,,16.51,BR-006,Synthetic test account
ACCT-000102,CUST-00102,Checking,****3958,2022-08-17,Open,7415.59,7287.42,,,BR-007,Synthetic test account
ACCT-000103,CUST-00103,Savings,****3987,2025-07-21,Open,3605.87,3371.55,,,BR-008,Synthetic test account
ACCT-000104,CUST-00104,Credit Card,****4016,2025-02-26,Open,1455.21,1373.14,11317.63,10.11,BR-009,Synthetic test account
ACCT-000105,CUST-00105,Auto Loan,****4045,2024-09-08,Open,35653.75,,,11.3,BR-010,Synthetic test account
ACCT-000106,CUST-00106,Personal Loan,****4074,2024-09-21,Open,39232.6,,,10.51,BR-011,Synthetic test account
ACCT-000107,CUST-00107,Money Market,****4103,2026-01-16,Open,2179.34,1990.77,,,BR-012,Synthetic test account
ACCT-000108,CUST-00108,Checking,****4132,2024-04-04,Open,24235.04,24020.79,,,BR-013,Synthetic test account
ACCT-000109,CUST-00109,Savings,****4161,2020-01-18,Open,23191.85,23172.48,,,BR-014,Synthetic test account
ACCT-000110,CUST-00110,Credit Card,****4190,2025-04-09,Open,2998.18,2733.52,7143.15,10.61,BR-015,Synthetic test account
ACCT-000111,CUST-00111,Auto Loan,****4219,2025-04-21,Open,33146.42,,,17.77,BR-016,Synthetic test account
ACCT-000112,CUST-00112,Personal Loan,****4248,2023-04-14,Open,4431.92,,,11.07,BR-017,Synthetic test account
ACCT-000113,CUST-00113,Money Market,****4277,2022-11-05,Open,16741.15,16676.54,,,BR-018,Synthetic test account
ACCT-000114,CUST-00114,Checking,****4306,2021-05-26,Open,23652.34,23628.62,,,BR-019,Synthetic test account
ACCT-000115,CUST-00115,Savings,****4335,2024-04-24,Dormant,243.69,209.46,,,BR-020,Synthetic test account
ACCT-000116,CUST-00116,Credit Card,****4364,2020-08-14,Open,3427.91,3220.39,6798.34,9.84,BR-021,Synthetic test account
ACCT-000117,CUST-00117,Auto Loan,****4393,2023-12-04,Open,17377.66,,,12.48,BR-022,Synthetic test account
ACCT-000118,CUST-00118,Personal Loan,****4422,2022-08-11,Open,37245.39,,,17.58,BR-023,Synthetic test account
ACCT-000119,CUST-00119,Checking,****4451,2025-06-29,Open,12179.51,11934.92,,,BR-024,Synthetic test account
ACCT-000120,CUST-00120,Savings,****4480,2024-12-12,Open,7654.62,7420.23,,,BR-025,Synthetic test account
ACCT-000121,CUST-00121,Credit Card,****4509,2019-05-14,Open,2338.37,2153.7,8126.33,10.78,BR-026,Synthetic test account
ACCT-000122,CUST-00122,Auto Loan,****4538,2022-09-25,Open,14963.33,,,18.63,BR-027,Synthetic test account
ACCT-000123,CUST-00123,Personal Loan,****4567,2026-03-23,Open,31575.08,,,17.08,BR-028,Synthetic test account
ACCT-000124,CUST-00124,Money Market,****4596,2019-04-06,Open,1174.58,926.26,,,BR-029,Synthetic test account
ACCT-000125,CUST-00125,Checking,****4625,2022-08-05,Open,13476.91,13204.67,,,BR-030,Synthetic test account
ACCT-000126,CUST-00126,Savings,****4654,2019-05-14,Open,10182.44,9947.17,,,BR-031,Synthetic test account
ACCT-000127,CUST-00127,Credit Card,****4683,2022-06-12,Open,-757.01,-960.48,2478.75,13.1,BR-032,Synthetic test account
ACCT-000128,CUST-00128,Auto Loan,****4712,2023-04-30,Open,35123.35,,,22.02,BR-001,Synthetic test account
ACCT-000129,CUST-00129,Personal Loan,****4741,2021-03-12,Open,13637.61,,,6.04,BR-002,Synthetic test account
ACCT-000130,CUST-00130,Money Market,****4770,2021-10-17,Open,154.99,-100.23,,,BR-003,Synthetic test account
ACCT-000131,CUST-00131,Checking,****4799,2022-11-25,Open,2125.17,2116.57,,,BR-004,Synthetic test account
ACCT-000132,CUST-00132,Savings,****4828,2020-03-03,Open,6297.38,6116.41,,,BR-005,Synthetic test account
ACCT-000133,CUST-00133,Credit Card,****4857,2019-06-08,Open,-653.61,-942.33,3135.04,9.22,BR-006,Synthetic test account
ACCT-000134,CUST-00134,Auto Loan,****4886,2025-08-04,Open,40694.42,,,12.94,BR-007,Synthetic test account
ACCT-000135,CUST-00135,Personal Loan,****4915,2021-12-12,Open,30498.95,,,12.16,BR-008,Synthetic test account
ACCT-000136,CUST-00136,Checking,****4944,2022-03-01,Open,23878.36,23607.48,,,BR-009,Synthetic test account
ACCT-000137,CUST-00137,Savings,****4973,2023-10-05,Open,3743.43,3643.8,,,BR-010,Synthetic test account
ACCT-000138,CUST-00138,Credit Card,****5002,2025-03-02,Dormant,1000.49,790.07,2189.87,18.13,BR-011,Synthetic test account
ACCT-000139,CUST-00139,Auto Loan,****5031,2022-10-27,Open,39415.32,,,8.84,BR-012,Synthetic test account
ACCT-000140,CUST-00140,Personal Loan,****5060,2020-03-30,Open,24821.89,,,10.3,BR-013,Synthetic test account
ACCT-000141,CUST-00141,Money Market,****5089,2025-08-01,Restricted,1516.07,1340.17,,,BR-014,Synthetic test account
ACCT-000142,CUST-00142,Checking,****5118,2021-07-13,Open,5277.29,5084.3,,,BR-015,Synthetic test account
ACCT-000143,CUST-00143,Savings,****5147,2025-01-30,Open,10395.96,10221.81,,,BR-016,Synthetic test account
ACCT-000144,CUST-00144,Credit Card,****5176,2019-07-01,Open,1386.64,1345.69,4639.02,9.97,BR-017,Synthetic test account
ACCT-000145,CUST-00145,Auto Loan,****5205,2023-02-08,Open,2457.47,,,10.88,BR-018,Synthetic test account
ACCT-000146,CUST-00146,Personal Loan,****5234,2019-05-16,Open,30647.74,,,13.8,BR-019,Synthetic test account
ACCT-000147,CUST-00147,Money Market,****5263,2025-01-26,Open,6961.31,6811.7,,,BR-020,Synthetic test account
ACCT-000148,CUST-00148,Checking,****5292,2025-10-29,Open,23388.31,23262.56,,,BR-021,Synthetic test account
ACCT-000149,CUST-00149,Savings,****5321,2019-09-09,Open,19166.89,18952.5,,,BR-022,Synthetic test account
ACCT-000150,CUST-00150,Credit Card,****5350,2021-11-18,Open,4358.54,4235.03,12931.63,22.01,BR-023,Synthetic test account
ACCT-000151,CUST-00151,Auto Loan,****5379,2023-09-23,Open,29760.02,,,16.36,BR-024,Synthetic test account
ACCT-000152,CUST-00152,Personal Loan,****5408,2024-04-01,Open,6311.63,,,22.3,BR-025,Synthetic test account
ACCT-000153,CUST-00153,Checking,****5437,2026-04-08,Open,17560.09,17557.55,,,BR-026,Synthetic test account
ACCT-000154,CUST-00154,Savings,****5466,2024-04-28,Open,17552.19,17255.85,,,BR-027,Synthetic test account
ACCT-000155,CUST-00155,Credit Card,****5495,2024-06-26,Open,2051.12,1934.87,5846.7,14.99,BR-028,Synthetic test account
ACCT-000156,CUST-00156,Auto Loan,****5524,2021-11-30,Open,31137.89,,,6.54,BR-029,Synthetic test account
ACCT-000157,CUST-00157,Personal Loan,****5553,2025-03-14,Open,28345.08,,,22.12,BR-030,Synthetic test account
ACCT-000158,CUST-00158,Money Market,****5582,2026-02-05,Open,11614.71,11567.96,,,BR-031,Synthetic test account
ACCT-000159,CUST-00159,Checking,****5611,2021-07-07,Open,18857.5,18841.44,,,BR-032,Synthetic test account
ACCT-000160,CUST-00160,Savings,****5640,2019-08-19,Open,23110.81,22853.99,,,BR-001,Synthetic test account
ACCT-000161,CUST-00161,Credit Card,****5669,2022-11-21,Dormant,2210.74,2179.25,11762.81,10.6,BR-002,Synthetic test account
ACCT-000162,CUST-00162,Auto Loan,****5698,2021-02-16,Open,6566.24,,,17.59,BR-003,Synthetic test account
ACCT-000163,CUST-00163,Personal Loan,****5727,2024-03-09,Open,35762.46,,,14.76,BR-004,Synthetic test account
ACCT-000164,CUST-00164,Money Market,****5756,2019-12-26,Open,8630.09,8381.86,,,BR-005,Synthetic test account
ACCT-000165,CUST-00165,Checking,****5785,2026-01-06,Open,5467.83,5349.11,,,BR-006,Synthetic test account
ACCT-000166,CUST-00166,Savings,****5814,2026-03-18,Open,4466.97,4297.07,,,BR-007,Synthetic test account
ACCT-000167,CUST-00167,Credit Card,****5843,2021-09-02,Open,1588.35,1329.26,1905.8,20.9,BR-008,Synthetic test account
ACCT-000168,CUST-00168,Auto Loan,****5872,2021-09-02,Open,6822.26,,,14.39,BR-009,Synthetic test account
ACCT-000169,CUST-00169,Personal Loan,****5901,2024-09-09,Open,32049.51,,,22.36,BR-010,Synthetic test account
ACCT-000170,CUST-00170,Checking,****5930,2024-09-24,Open,23006.76,22815.99,,,BR-011,Synthetic test account
ACCT-000171,CUST-00171,Savings,****5959,2025-03-01,Open,18324.16,18165.35,,,BR-012,Synthetic test account
ACCT-000172,CUST-00172,Credit Card,****5988,2023-12-28,Open,760.7,608.64,11897.04,8.99,BR-013,Synthetic test account
ACCT-000173,CUST-00173,Auto Loan,****6017,2022-04-14,Open,18591.23,,,19.61,BR-014,Synthetic test account
ACCT-000174,CUST-00174,Personal Loan,****6046,2024-11-04,Open,41509.35,,,9.97,BR-015,Synthetic test account
ACCT-000175,CUST-00175,Money Market,****6075,2023-03-08,Open,8808.42,8665.54,,,BR-016,Synthetic test account
ACCT-000176,CUST-00176,Checking,****6104,2021-06-25,Open,18954.31,18751.27,,,BR-017,Synthetic test account
ACCT-000177,CUST-00177,Savings,****6133,2020-11-24,Open,13762.51,13696.48,,,BR-018,Synthetic test account
ACCT-000178,CUST-00178,Credit Card,****6162,2022-08-31,Open,6122.4,6099.98,5474.63,6.62,BR-019,Synthetic test account
ACCT-000179,CUST-00179,Auto Loan,****6191,2024-02-28,Open,26718.14,,,17.89,BR-020,Synthetic test account
ACCT-000180,CUST-00180,Personal Loan,****6220,2023-01-25,Open,23160.49,,,9.53,BR-021,Synthetic test account
ACCT-000181,CUST-00181,Money Market,****6249,2021-06-18,Open,16641.47,16402.05,,,BR-022,Synthetic test account
ACCT-000182,CUST-00182,Checking,****6278,2020-10-12,Open,3916.13,3681.26,,,BR-023,Synthetic test account
ACCT-000183,CUST-00183,Savings,****6307,2021-10-02,Open,7978.87,7847.21,,,BR-024,Synthetic test account
ACCT-000184,CUST-00184,Credit Card,****6336,2020-05-11,Dormant,5878.17,5797.38,6968.98,19.45,BR-025,Synthetic test account
ACCT-000185,CUST-00185,Auto Loan,****6365,2019-10-21,Open,14927.19,,,10.33,BR-026,Synthetic test account
ACCT-000186,CUST-00186,Personal Loan,****6394,2023-09-12,Open,15756.16,,,20.43,BR-027,Synthetic test account
ACCT-000187,CUST-00187,Checking,****6423,2019-06-18,Open,16201.41,16103.23,,,BR-028,Synthetic test account
ACCT-000188,CUST-00188,Savings,****6452,2024-12-28,Restricted,1416.84,1257.48,,,BR-029,Synthetic test account
ACCT-000189,CUST-00189,Credit Card,****6481,2025-10-14,Open,4155.63,3943.45,8773.18,14.09,BR-030,Synthetic test account
ACCT-000190,CUST-00190,Auto Loan,****6510,2020-09-16,Open,3026.86,,,19.78,BR-031,Synthetic test account
ACCT-000191,CUST-00191,Personal Loan,****6539,2020-05-29,Open,1584.89,,,15.7,BR-032,Synthetic test account
ACCT-000192,CUST-00192,Money Market,****6568,2023-10-25,Open,16938.52,16833.95,,,BR-001,Synthetic test account
ACCT-000193,CUST-00193,Checking,****6597,2023-12-10,Open,1156.19,950.78,,,BR-002,Synthetic test account
ACCT-000194,CUST-00194,Savings,****6626,2021-02-18,Open,13045.68,12998.44,,,BR-003,Synthetic test account
ACCT-000195,CUST-00195,Credit Card,****6655,2022-08-17,Open,952.41,916.51,11067.44,9.19,BR-004,Synthetic test account
ACCT-000196,CUST-00196,Auto Loan,****6684,2022-09-25,Open,41968.75,,,13.67,BR-005,Synthetic test account
ACCT-000197,CUST-00197,Personal Loan,****6713,2020-04-20,Open,37999.35,,,21.29,BR-006,Synthetic test account
ACCT-000198,CUST-00198,Money Market,****6742,2025-10-02,Open,6470.73,6351.99,,,BR-007,Synthetic test account
ACCT-000199,CUST-00199,Checking,****6771,2021-11-02,Open,7062.61,6947.06,,,BR-008,Synthetic test account
ACCT-000200,CUST-00200,Savings,****6800,2023-08-21,Open,2048.59,1799.37,,,BR-009,Synthetic test account
ACCT-000201,CUST-00001,Credit Card,****6829,2024-09-03,Open,2000.51,1833.29,9790.69,14.08,BR-010,Synthetic test account
ACCT-000202,CUST-00002,Auto Loan,****6858,2020-06-29,Open,10547.23,,,8.06,BR-011,Synthetic test account
ACCT-000203,CUST-00003,Personal Loan,****6887,2023-04-25,Open,17611.02,,,18.22,BR-012,Synthetic test account
ACCT-000204,CUST-00004,Checking,****6916,2024-09-22,Open,2458.67,2345.82,,,BR-013,Synthetic test account
ACCT-000205,CUST-00005,Savings,****6945,2021-10-04,Open,18880.42,18728.47,,,BR-014,Synthetic test account
ACCT-000206,CUST-00006,Credit Card,****6974,2020-12-10,Open,2152.82,1855.32,13243.63,16.39,BR-015,Synthetic test account
ACCT-000207,CUST-00007,Auto Loan,****7003,2025-01-28,Dormant,36344.83,,,17.4,BR-016,Synthetic test account
ACCT-000208,CUST-00008,Personal Loan,****7032,2021-06-11,Open,18603.3,,,13.47,BR-017,Synthetic test account
ACCT-000209,CUST-00009,Money Market,****7061,2019-03-26,Open,2103.37,1977.51,,,BR-018,Synthetic test account
ACCT-000210,CUST-00010,Checking,****7090,2026-04-12,Open,20638.45,20463.01,,,BR-019,Synthetic test account
ACCT-000211,CUST-00011,Savings,****7119,2023-05-31,Open,20721.5,20572.69,,,BR-020,Synthetic test account
ACCT-000212,CUST-00012,Credit Card,****7148,2019-11-13,Open,3287.84,3075.64,11194.89,12.03,BR-021,Synthetic test account
ACCT-000213,CUST-00013,Auto Loan,****7177,2020-06-30,Open,41109.36,,,15.42,BR-022,Synthetic test account
ACCT-000214,CUST-00014,Personal Loan,****7206,2025-03-11,Open,23570.81,,,22.11,BR-023,Synthetic test account
ACCT-000215,CUST-00015,Money Market,****7235,2020-03-04,Open,9418.09,9380.35,,,BR-024,Synthetic test account
ACCT-000216,CUST-00016,Checking,****7264,2021-05-20,Open,6323.45,6234.56,,,BR-025,Synthetic test account
ACCT-000217,CUST-00017,Savings,****7293,2022-01-22,Open,10953.43,10801.65,,,BR-026,Synthetic test account
ACCT-000218,CUST-00018,Credit Card,****7322,2023-11-01,Open,1547.5,1473.81,12357.63,18.33,BR-027,Synthetic test account
ACCT-000219,CUST-00019,Auto Loan,****7351,2020-05-05,Open,15280.69,,,12.98,BR-028,Synthetic test account
ACCT-000220,CUST-00020,Personal Loan,****7380,2024-07-20,Open,27058.04,,,7.12,BR-029,Synthetic test account
ACCT-000221,CUST-00021,Checking,****7409,2022-10-22,Open,966.21,842.38,,,BR-030,Synthetic test account
ACCT-000222,CUST-00022,Savings,****7438,2023-03-08,Open,21296.65,21067.26,,,BR-031,Synthetic test account
ACCT-000223,CUST-00023,Credit Card,****7467,2025-03-14,Open,1295.22,1026.15,6340.21,17.64,BR-032,Synthetic test account
ACCT-000224,CUST-00024,Auto Loan,****7496,2023-01-21,Open,14372.8,,,15.45,BR-001,Synthetic test account
ACCT-000225,CUST-00025,Personal Loan,****7525,2025-11-14,Open,2453.02,,,17.21,BR-002,Synthetic test account
ACCT-000226,CUST-00026,Money Market,****7554,2019-04-24,Open,14739.69,14662.28,,,BR-003,Synthetic test account
ACCT-000227,CUST-00027,Checking,****7583,2023-12-29,Open,16658.48,16379.16,,,BR-004,Synthetic test account
ACCT-000228,CUST-00028,Savings,****7612,2025-07-25,Open,23481.63,23337.15,,,BR-005,Synthetic test account
ACCT-000229,CUST-00029,Credit Card,****7641,2021-04-19,Open,-615.99,-856.53,10046.33,10.72,BR-006,Synthetic test account
ACCT-000230,CUST-00030,Auto Loan,****7670,2022-05-16,Dormant,30853.87,,,19.28,BR-007,Synthetic test account
ACCT-000231,CUST-00031,Personal Loan,****7699,2020-10-16,Open,17325.91,,,13.68,BR-008,Synthetic test account
ACCT-000232,CUST-00032,Money Market,****7728,2021-04-27,Open,2422.52,2242.57,,,BR-009,Synthetic test account
ACCT-000233,CUST-00033,Checking,****7757,2023-06-28,Open,5485.66,5422.46,,,BR-010,Synthetic test account
ACCT-000234,CUST-00034,Savings,****7786,2019-07-28,Open,8420.94,8339.17,,,BR-011,Synthetic test account
ACCT-000235,CUST-00035,Credit Card,****7815,2023-09-19,Restricted,3280.95,3014.11,14922.28,18.86,BR-012,Synthetic test account
ACCT-000236,CUST-00036,Auto Loan,****7844,2023-09-17,Open,12192.48,,,16.01,BR-013,Synthetic test account
ACCT-000237,CUST-00037,Personal Loan,****7873,2025-05-16,Open,12935.24,,,20.85,BR-014,Synthetic test account
ACCT-000238,CUST-00038,Checking,****7902,2020-06-29,Open,18022.64,17958.47,,,BR-015,Synthetic test account
ACCT-000239,CUST-00039,Savings,****7931,2023-10-16,Open,22863.06,22816.1,,,BR-016,Synthetic test account
ACCT-000240,CUST-00040,Credit Card,****7960,2023-12-27,Open,3836.56,3819.53,13142.67,22.77,BR-017,Synthetic test account
ACCT-000241,CUST-00041,Auto Loan,****7989,2020-07-04,Open,30542.56,,,12.38,BR-018,Synthetic test account
ACCT-000242,CUST-00042,Personal Loan,****8018,2020-05-21,Open,12272.91,,,14.81,BR-019,Synthetic test account
ACCT-000243,CUST-00043,Money Market,****8047,2022-12-02,Open,1126.29,932.05,,,BR-020,Synthetic test account
ACCT-000244,CUST-00044,Checking,****8076,2021-12-17,Open,7130.56,7052.21,,,BR-021,Synthetic test account
ACCT-000245,CUST-00045,Savings,****8105,2021-04-02,Open,8051.01,8050.33,,,BR-022,Synthetic test account
ACCT-000246,CUST-00046,Credit Card,****8134,2020-06-29,Open,114.25,8.89,7928.73,22.33,BR-023,Synthetic test account
ACCT-000247,CUST-00047,Auto Loan,****8163,2024-09-18,Open,14526.8,,,14.23,BR-024,Synthetic test account
ACCT-000248,CUST-00048,Personal Loan,****8192,2025-04-27,Open,2514.26,,,7.43,BR-025,Synthetic test account
ACCT-000249,CUST-00049,Money Market,****8221,2024-03-12,Open,19702.41,19562.44,,,BR-026,Synthetic test account
ACCT-000250,CUST-00050,Checking,****8250,2020-10-13,Open,16784.09,16648.21,,,BR-027,Synthetic test account
ACCT-000251,CUST-00051,Savings,****8279,2023-06-23,Open,6952.26,6731.02,,,BR-028,Synthetic test account
ACCT-000252,CUST-00052,Credit Card,****8308,2023-10-10,Open,5748.4,5494.7,14305.25,7.46,BR-029,Synthetic test account
ACCT-000253,CUST-00053,Auto Loan,****8337,2023-06-12,Dormant,39229.91,,,16.71,BR-030,Synthetic test account
ACCT-000254,CUST-00054,Personal Loan,****8366,2020-12-29,Open,41537.53,,,18.77,BR-031,Synthetic test account
ACCT-000255,CUST-00055,Checking,****8395,2020-12-07,Open,22262.04,22152.38,,,BR-032,Synthetic test account
ACCT-000256,CUST-00056,Savings,****8424,2020-11-30,Open,20780.08,20695.69,,,BR-001,Synthetic test account
ACCT-000257,CUST-00057,Credit Card,****8453,2019-07-09,Open,-806.92,-889.21,11155,11.67,BR-002,Synthetic test account
ACCT-000258,CUST-00058,Auto Loan,****8482,2020-04-20,Open,26782.42,,,9.1,BR-003,Synthetic test account
ACCT-000259,CUST-00059,Personal Loan,****8511,2020-08-19,Open,38374.22,,,6.91,BR-004,Synthetic test account
ACCT-000260,CUST-00060,Money Market,****8540,2024-06-14,Open,12640.66,12538.5,,,BR-005,Synthetic test account
ACCT-000261,CUST-00061,Checking,****8569,2019-03-15,Open,9816.88,9590.96,,,BR-006,Synthetic test account
ACCT-000262,CUST-00062,Savings,****8598,2025-04-24,Open,18735.41,18608.47,,,BR-007,Synthetic test account
ACCT-000263,CUST-00063,Credit Card,****8627,2019-09-29,Open,4457.86,4197.22,13992.28,18.77,BR-008,Synthetic test account
ACCT-000264,CUST-00064,Auto Loan,****8656,2021-11-30,Open,37157.79,,,13,BR-009,Synthetic test account
ACCT-000265,CUST-00065,Personal Loan,****8685,2023-12-15,Open,18280.67,,,16.15,BR-010,Synthetic test account
ACCT-000266,CUST-00066,Money Market,****8714,2020-09-23,Open,13926.21,13868.12,,,BR-011,Synthetic test account
ACCT-000267,CUST-00067,Checking,****8743,2021-04-07,Open,21562.07,21559.87,,,BR-012,Synthetic test account
ACCT-000268,CUST-00068,Savings,****8772,2021-12-29,Open,7382.41,7376.6,,,BR-013,Synthetic test account
ACCT-000269,CUST-00069,Credit Card,****8801,2024-03-17,Open,2158.79,1989.87,13709.78,20.51,BR-014,Synthetic test account
ACCT-000270,CUST-00070,Auto Loan,****8830,2025-01-17,Open,7374.49,,,14.6,BR-015,Synthetic test account
ACCT-000271,CUST-00071,Personal Loan,****8859,2019-09-18,Open,13724.36,,,10.92,BR-016,Synthetic test account
ACCT-000272,CUST-00072,Checking,****8888,2021-10-04,Open,15399.43,15196.7,,,BR-017,Synthetic test account
ACCT-000273,CUST-00073,Savings,****8917,2022-02-11,Open,6312.24,6080.97,,,BR-018,Synthetic test account
ACCT-000274,CUST-00074,Credit Card,****8946,2024-09-15,Open,3603.87,3368.69,7760.5,7.17,BR-019,Synthetic test account
ACCT-000275,CUST-00075,Auto Loan,****8975,2019-08-25,Open,28256.64,,,20.63,BR-020,Synthetic test account
ACCT-000276,CUST-00076,Personal Loan,****9004,2023-02-17,Dormant,20703.53,,,11.96,BR-021,Synthetic test account
ACCT-000277,CUST-00077,Money Market,****9033,2019-08-22,Open,5635.57,5599.24,,,BR-022,Synthetic test account
ACCT-000278,CUST-00078,Checking,****9062,2021-12-26,Open,15837.54,15585.03,,,BR-023,Synthetic test account
ACCT-000279,CUST-00079,Savings,****9091,2021-01-07,Open,3120.2,3019.25,,,BR-024,Synthetic test account
ACCT-000280,CUST-00080,Credit Card,****9120,2025-08-30,Open,1663.02,1619.64,10037.36,10.27,BR-025,Synthetic test account
ACCT-000281,CUST-00081,Auto Loan,****9149,2021-02-04,Open,22375.42,,,17.9,BR-026,Synthetic test account
ACCT-000282,CUST-00082,Personal Loan,****9178,2023-04-16,Restricted,1357.32,,,16.9,BR-027,Synthetic test account
ACCT-000283,CUST-00083,Money Market,****9207,2024-03-06,Open,1595.77,1361.68,,,BR-028,Synthetic test account
ACCT-000284,CUST-00084,Checking,****9236,2025-11-04,Open,22975.44,22871.73,,,BR-029,Synthetic test account
ACCT-000285,CUST-00085,Savings,****9265,2025-04-13,Open,20210.36,19981.03,,,BR-030,Synthetic test account
ACCT-000286,CUST-00086,Credit Card,****9294,2022-03-20,Open,3439.01,3178.24,10199.98,21.11,BR-031,Synthetic test account
ACCT-000287,CUST-00087,Auto Loan,****9323,2026-01-06,Open,6164.24,,,20.9,BR-032,Synthetic test account
ACCT-000288,CUST-00088,Personal Loan,****9352,2022-08-20,Open,36539.24,,,15.26,BR-001,Synthetic test account
ACCT-000289,CUST-00089,Checking,****9381,2022-10-10,Open,1586.61,1477.8,,,BR-002,Synthetic test account
ACCT-000290,CUST-00090,Savings,****9410,2021-07-14,Open,5950.29,5673.37,,,BR-003,Synthetic test account
ACCT-000291,CUST-00091,Credit Card,****9439,2021-08-08,Open,1996.34,1809.81,11820.56,18.07,BR-004,Synthetic test account
ACCT-000292,CUST-00092,Auto Loan,****9468,2021-03-22,Open,37126.54,,,22.11,BR-005,Synthetic test account
ACCT-000293,CUST-00093,Personal Loan,****9497,2023-12-14,Open,12768.42,,,20.75,BR-006,Synthetic test account
ACCT-000294,CUST-00094,Money Market,****9526,2025-03-15,Open,11264.82,11087.65,,,BR-007,Synthetic test account
ACCT-000295,CUST-00095,Checking,****9555,2021-09-04,Open,8616.35,8521.05,,,BR-008,Synthetic test account
ACCT-000296,CUST-00096,Savings,****9584,2022-11-22,Open,9369.17,9362.97,,,BR-009,Synthetic test account
ACCT-000297,CUST-00097,Credit Card,****9613,2023-12-25,Open,-528.53,-673.83,9118.62,13.89,BR-010,Synthetic test account
ACCT-000298,CUST-00098,Auto Loan,****9642,2023-01-01,Open,9873.18,,,8.2,BR-011,Synthetic test account
ACCT-000299,CUST-00099,Personal Loan,****9671,2020-11-14,Dormant,18221.83,,,17.79,BR-012,Synthetic test account
ACCT-000300,CUST-00100,Money Market,****9700,2019-05-22,Open,9571.37,9503.01,,,BR-013,Synthetic test account
ACCT-000301,CUST-00101,Checking,****9729,2023-12-16,Open,16368.3,16322.87,,,BR-014,Synthetic test account
ACCT-000302,CUST-00102,Savings,****9758,2021-09-29,Open,6091.23,5969.65,,,BR-015,Synthetic test account
ACCT-000303,CUST-00103,Credit Card,****9787,2020-07-06,Open,4014.49,3836.84,11262.3,21.88,BR-016,Synthetic test account
ACCT-000304,CUST-00104,Auto Loan,****9816,2020-08-05,Open,13914.18,,,21.95,BR-017,Synthetic test account
ACCT-000305,CUST-00105,Personal Loan,****9845,2019-12-08,Open,8486.38,,,15.17,BR-018,Synthetic test account
ACCT-000306,CUST-00106,Checking,****9874,2026-01-28,Open,17478.83,17249.71,,,BR-019,Synthetic test account
ACCT-000307,CUST-00107,Savings,****9903,2019-12-04,Open,12497.27,12302.19,,,BR-020,Synthetic test account
ACCT-000308,CUST-00108,Credit Card,****9932,2025-12-04,Open,-567.91,-816.08,13425.26,11.46,BR-021,Synthetic test account
ACCT-000309,CUST-00109,Auto Loan,****9961,2023-09-16,Open,13386.16,,,18.04,BR-022,Synthetic test account
ACCT-000310,CUST-00110,Personal Loan,****9990,2021-06-22,Open,6718.95,,,16.05,BR-023,Synthetic test account
ACCT-000311,CUST-00111,Money Market,****1019,2020-06-16,Open,12029.86,11854.29,,,BR-024,Synthetic test account
ACCT-000312,CUST-00112,Checking,****1048,2019-11-08,Open,6520.5,6332.55,,,BR-025,Synthetic test account
ACCT-000313,CUST-00113,Savings,****1077,2022-12-21,Open,956.09,764.11,,,BR-026,Synthetic test account
ACCT-000314,CUST-00114,Credit Card,****1106,2021-10-17,Open,6107.81,6087.29,3080.41,11.32,BR-027,Synthetic test account
ACCT-000315,CUST-00115,Auto Loan,****1135,2020-03-05,Open,9547.21,,,21.76,BR-028,Synthetic test account
ACCT-000316,CUST-00116,Personal Loan,****1164,2020-03-16,Open,31893.02,,,16.05,BR-029,Synthetic test account
ACCT-000317,CUST-00117,Money Market,****1193,2021-03-30,Open,17372.82,17247.35,,,BR-030,Synthetic test account
ACCT-000318,CUST-00118,Checking,****1222,2022-02-03,Open,4383.88,4334.84,,,BR-031,Synthetic test account
ACCT-000319,CUST-00119,Savings,****1251,2020-05-18,Open,10115.18,9951.18,,,BR-032,Synthetic test account
ACCT-000320,CUST-00120,Credit Card,****1280,2025-09-28,Open,6051.27,5765.81,3806.79,20.07,BR-001,Synthetic test account
ACCT-000321,CUST-00121,Auto Loan,****1309,2020-01-03,Open,5969.81,,,19.54,BR-002,Synthetic test account
ACCT-000322,CUST-00122,Personal Loan,****1338,2025-09-27,Dormant,17381.9,,,6.72,BR-003,Synthetic test account
ACCT-000323,CUST-00123,Checking,****1367,2019-08-26,Open,23419.81,23213.88,,,BR-004,Synthetic test account
ACCT-000324,CUST-00124,Savings,****1396,2022-06-08,Open,22153.13,22026.1,,,BR-005,Synthetic test account
ACCT-000325,CUST-00125,Credit Card,****1425,2020-01-15,Open,2206.81,2124.1,12774.01,10.51,BR-006,Synthetic test account
ACCT-000326,CUST-00126,Auto Loan,****1454,2024-09-12,Open,6910,,,11.16,BR-007,Synthetic test account
ACCT-000327,CUST-00127,Personal Loan,****1483,2020-09-25,Open,10332.68,,,15.86,BR-008,Synthetic test account
ACCT-000328,CUST-00128,Money Market,****1512,2024-04-07,Open,4418.5,4407.01,,,BR-009,Synthetic test account
ACCT-000329,CUST-00129,Checking,****1541,2024-07-28,Restricted,21431.86,21172.01,,,BR-010,Synthetic test account
ACCT-000330,CUST-00130,Savings,****1570,2023-11-17,Open,8126.56,7938.29,,,BR-011,Synthetic test account
ACCT-000331,CUST-00131,Credit Card,****1599,2023-07-04,Open,3631.82,3580,3469.14,17.52,BR-012,Synthetic test account
ACCT-000332,CUST-00132,Auto Loan,****1628,2020-11-04,Open,34058.97,,,8.01,BR-013,Synthetic test account
ACCT-000333,CUST-00133,Personal Loan,****1657,2022-03-23,Open,6344.33,,,11.55,BR-014,Synthetic test account
ACCT-000334,CUST-00134,Money Market,****1686,2020-11-13,Open,22223.11,22013.85,,,BR-015,Synthetic test account
ACCT-000335,CUST-00135,Checking,****1715,2021-05-14,Open,8042.06,7953.22,,,BR-016,Synthetic test account
ACCT-000336,CUST-00136,Savings,****1744,2021-01-03,Open,19606.83,19522.18,,,BR-017,Synthetic test account
ACCT-000337,CUST-00137,Credit Card,****1773,2024-06-04,Open,671.43,646.21,13621.97,14.64,BR-018,Synthetic test account
ACCT-000338,CUST-00138,Auto Loan,****1802,2022-07-06,Open,21270.54,,,11.22,BR-019,Synthetic test account
ACCT-000339,CUST-00139,Personal Loan,****1831,2025-02-23,Open,26301.02,,,20.53,BR-020,Synthetic test account
ACCT-000340,CUST-00140,Checking,****1860,2023-09-09,Open,17721.54,17517.41,,,BR-021,Synthetic test account
ACCT-000341,CUST-00141,Savings,****1889,2024-04-12,Open,19651.76,19392.59,,,BR-022,Synthetic test account
ACCT-000342,CUST-00142,Credit Card,****1918,2025-02-14,Open,94.05,53.27,7583.19,14.05,BR-023,Synthetic test account
ACCT-000343,CUST-00143,Auto Loan,****1947,2023-12-05,Open,33064.85,,,11.33,BR-024,Synthetic test account
ACCT-000344,CUST-00144,Personal Loan,****1976,2026-01-26,Open,31991.71,,,8.63,BR-025,Synthetic test account
ACCT-000345,CUST-00145,Money Market,****2005,2022-01-28,Dormant,8357.4,8129.87,,,BR-026,Synthetic test account
ACCT-000346,CUST-00146,Checking,****2034,2024-10-07,Open,12339.51,12262.25,,,BR-027,Synthetic test account
ACCT-000347,CUST-00147,Savings,****2063,2022-10-23,Open,13369.66,13073.71,,,BR-028,Synthetic test account
ACCT-000348,CUST-00148,Credit Card,****2092,2020-06-24,Open,6002.26,5871.72,8007.91,12.84,BR-029,Synthetic test account
ACCT-000349,CUST-00149,Auto Loan,****2121,2020-12-01,Open,11973.67,,,12.31,BR-030,Synthetic test account
ACCT-000350,CUST-00150,Personal Loan,****2150,2023-06-08,Open,17549.34,,,16.49,BR-031,Synthetic test account
ACCT-000351,CUST-00151,Money Market,****2179,2023-04-25,Open,18378.05,18244.68,,,BR-032,Synthetic test account
ACCT-000352,CUST-00152,Checking,****2208,2022-11-11,Open,5648.7,5569.49,,,BR-001,Synthetic test account
ACCT-000353,CUST-00153,Savings,****2237,2025-02-06,Open,16638.2,16405.54,,,BR-002,Synthetic test account
ACCT-000354,CUST-00154,Credit Card,****2266,2025-12-08,Open,-766.74,-820.68,9818.93,11.34,BR-003,Synthetic test account
ACCT-000355,CUST-00155,Auto Loan,****2295,2024-10-18,Open,30281,,,8.17,BR-004,Synthetic test account
ACCT-000356,CUST-00156,Personal Loan,****2324,2021-12-29,Open,17955.19,,,19.14,BR-005,Synthetic test account
ACCT-000357,CUST-00157,Checking,****2353,2022-08-08,Open,23505.3,23361.72,,,BR-006,Synthetic test account
ACCT-000358,CUST-00158,Savings,****2382,2024-11-21,Open,19236.2,19081.57,,,BR-007,Synthetic test account
ACCT-000359,CUST-00159,Credit Card,****2411,2022-08-20,Open,4975.82,4817.61,14691.77,17.11,BR-008,Synthetic test account
ACCT-000360,CUST-00160,Auto Loan,****2440,2022-07-29,Open,14826.93,,,7.27,BR-009,Synthetic test account
ACCT-000361,CUST-00161,Personal Loan,****2469,2024-04-27,Open,5139.71,,,12.48,BR-010,Synthetic test account
ACCT-000362,CUST-00162,Money Market,****2498,2024-07-31,Open,21305.6,21076.07,,,BR-011,Synthetic test account
ACCT-000363,CUST-00163,Checking,****2527,2019-08-06,Open,10344.81,10122.08,,,BR-012,Synthetic test account
ACCT-000364,CUST-00164,Savings,****2556,2025-01-30,Open,21404.02,21249.94,,,BR-013,Synthetic test account
ACCT-000365,CUST-00165,Credit Card,****2585,2025-12-14,Open,-790.99,-1069.79,6776.49,7.98,BR-014,Synthetic test account
ACCT-000366,CUST-00166,Auto Loan,****2614,2019-03-27,Open,9086.91,,,13.63,BR-015,Synthetic test account
ACCT-000367,CUST-00167,Personal Loan,****2643,2023-06-09,Open,30267.28,,,7.34,BR-016,Synthetic test account
ACCT-000368,CUST-00168,Money Market,****2672,2022-09-26,Dormant,11861.87,11584.37,,,BR-017,Synthetic test account
ACCT-000369,CUST-00169,Checking,****2701,2022-01-22,Open,13441.63,13388.35,,,BR-018,Synthetic test account
ACCT-000370,CUST-00170,Savings,****2730,2023-01-16,Open,502.73,346.51,,,BR-019,Synthetic test account
ACCT-000371,CUST-00171,Credit Card,****2759,2020-07-16,Open,4944.3,4757.6,8005.16,8.6,BR-020,Synthetic test account
ACCT-000372,CUST-00172,Auto Loan,****2788,2025-08-05,Open,15996.88,,,15.18,BR-021,Synthetic test account
ACCT-000373,CUST-00173,Personal Loan,****2817,2022-11-20,Open,7931.52,,,21.05,BR-022,Synthetic test account
ACCT-000374,CUST-00174,Checking,****2846,2019-03-17,Open,12573.79,12560.58,,,BR-023,Synthetic test account
ACCT-000375,CUST-00175,Savings,****2875,2020-01-19,Open,16598.29,16560.31,,,BR-024,Synthetic test account
ACCT-000376,CUST-00176,Credit Card,****2904,2019-04-16,Restricted,5108.74,5009.87,3859.46,9.94,BR-025,Synthetic test account
ACCT-000377,CUST-00177,Auto Loan,****2933,2020-08-02,Open,1623.06,,,22.25,BR-026,Synthetic test account
ACCT-000378,CUST-00178,Personal Loan,****2962,2019-05-23,Open,3146.08,,,9.64,BR-027,Synthetic test account
ACCT-000379,CUST-00179,Money Market,****2991,2021-09-21,Open,13607.15,13337.77,,,BR-028,Synthetic test account
ACCT-000380,CUST-00180,Checking,****3020,2022-08-05,Open,4855.69,4559.96,,,BR-029,Synthetic test account
ACCT-000381,CUST-00181,Savings,****3049,2022-05-03,Open,439.16,277.57,,,BR-030,Synthetic test account
ACCT-000382,CUST-00182,Credit Card,****3078,2024-07-30,Open,-166.31,-258.8,2657.35,12.6,BR-031,Synthetic test account
ACCT-000383,CUST-00183,Auto Loan,****3107,2023-06-28,Open,19881.54,,,22.81,BR-032,Synthetic test account
ACCT-000384,CUST-00184,Personal Loan,****3136,2022-09-16,Open,26194.82,,,15.77,BR-001,Synthetic test account
ACCT-000385,CUST-00185,Money Market,****3165,2023-01-08,Open,21774.25,21726.39,,,BR-002,Synthetic test account
ACCT-000386,CUST-00186,Checking,****3194,2019-05-23,Open,108.47,79.17,,,BR-003,Synthetic test account
ACCT-000387,CUST-00187,Savings,****3223,2022-10-21,Open,11296.95,11130.47,,,BR-004,Synthetic test account
ACCT-000388,CUST-00188,Credit Card,****3252,2025-02-09,Open,-207.34,-371.68,5788.11,15.8,BR-005,Synthetic test account
ACCT-000389,CUST-00189,Auto Loan,****3281,2022-05-04,Open,12031.05,,,11.15,BR-006,Synthetic test account
ACCT-000390,CUST-00190,Personal Loan,****3310,2021-05-01,Open,26002.48,,,19.98,BR-007,Synthetic test account
ACCT-000391,CUST-00191,Checking,****3339,2019-04-01,Dormant,24083.35,23826.75,,,BR-008,Synthetic test account
ACCT-000392,CUST-00192,Savings,****3368,2019-05-22,Open,6621.67,6584.6,,,BR-009,Synthetic test account
ACCT-000393,CUST-00193,Credit Card,****3397,2026-03-08,Open,2122.72,2050.74,9139.76,16.72,BR-010,Synthetic test account
ACCT-000394,CUST-00194,Auto Loan,****3426,2020-03-12,Open,8931.73,,,13.12,BR-011,Synthetic test account
ACCT-000395,CUST-00195,Personal Loan,****3455,2022-03-26,Open,3828.33,,,17.32,BR-012,Synthetic test account
ACCT-000396,CUST-00196,Money Market,****3484,2022-12-10,Open,17673.17,17649.66,,,BR-013,Synthetic test account
ACCT-000397,CUST-00197,Checking,****3513,2023-06-14,Open,9042.27,8942.18,,,BR-014,Synthetic test account
ACCT-000398,CUST-00198,Savings,****3542,2019-07-13,Open,2038.83,1867.8,,,BR-015,Synthetic test account
ACCT-000399,CUST-00199,Credit Card,****3571,2025-10-08,Open,-394.83,-536.83,3145.73,8.36,BR-016,Synthetic test account
ACCT-000400,CUST-00200,Auto Loan,****3600,2022-08-04,Open,11897.39,,,22.39,BR-017,Synthetic test account
